experiment_id,trial_id,status,start_time,end_time,working_directory,exit_code,experiment_name,experiment_type,search_space_file,trial_command,trial_code_directory,trial_concurrency,max_duration,max_trials,use_annotation,debug_mode,log_level,exp_working_dir,model_types,unit_values,layer_counts,dropout_rates,activations,learning_rate_range,window_sizes,batch_sizes,epoch_options,kernel_sizes,attention_heads,tuner_name,optimize_mode,training_platform
i6yfhl8z,1,0,1779481601485,,/home/meliani/nni-experiments/i6yfhl8z,0,exp_anneal_sz400_local_plus_ali_local_plus_ali_sz400_h1,hpo,/home/meliani/Desktop/phd/fast-track/search_space.json,python3 trial.py --data ./local_plus_ali.csv --horizon 1 --data-size 400,/home/meliani/Desktop/phd/fast-track,1,10m,25,False,False,info,/home/meliani/nni-experiments,"['LSTM', 'GRU', 'CNN', 'RNN', 'TCN', 'Transformer', 'MLP']","[16, 32, 64, 128, 256]","[1, 2, 3, 4]","[0, 0.1, 0.2, 0.3, 0.5]","['relu', 'tanh', 'sigmoid', 'elu']","[1e-05, 0.01]","[2, 3, 4, 5, 6, 7, 8, 9, 10, 11, 12, 13, 14, 15, 16, 17, 18, 19, 20, 21, 22, 23, 24, 25, 26, 27, 28, 29, 30]","[16, 32, 64, 128]","[5, 10, 15, 20]","[2, 3, 5, 7]","[2, 4, 8]",anneal,minimize,local
i6yfhl8z,2,0,1779481601485,,/home/meliani/nni-experiments/i6yfhl8z,0,exp_anneal_sz400_local_plus_ali_local_plus_ali_sz400_h1,hpo,/home/meliani/Desktop/phd/fast-track/search_space.json,python3 trial.py --data ./local_plus_ali.csv --horizon 1 --data-size 400,/home/meliani/Desktop/phd/fast-track,1,10m,25,False,False,info,/home/meliani/nni-experiments,"['LSTM', 'GRU', 'CNN', 'RNN', 'TCN', 'Transformer', 'MLP']","[16, 32, 64, 128, 256]","[1, 2, 3, 4]","[0, 0.1, 0.2, 0.3, 0.5]","['relu', 'tanh', 'sigmoid', 'elu']","[1e-05, 0.01]","[2, 3, 4, 5, 6, 7, 8, 9, 10, 11, 12, 13, 14, 15, 16, 17, 18, 19, 20, 21, 22, 23, 24, 25, 26, 27, 28, 29, 30]","[16, 32, 64, 128]","[5, 10, 15, 20]","[2, 3, 5, 7]","[2, 4, 8]",anneal,minimize,local
i6yfhl8z,3,1,1779481601485,,/home/meliani/nni-experiments/i6yfhl8z,1,exp_anneal_sz400_local_plus_ali_local_plus_ali_sz400_h1,hpo,/home/meliani/Desktop/phd/fast-track/search_space.json,python3 trial.py --data ./local_plus_ali.csv --horizon 1 --data-size 400,/home/meliani/Desktop/phd/fast-track,1,10m,25,False,False,info,/home/meliani/nni-experiments,"['LSTM', 'GRU', 'CNN', 'RNN', 'TCN', 'Transformer', 'MLP']","[16, 32, 64, 128, 256]","[1, 2, 3, 4]","[0, 0.1, 0.2, 0.3, 0.5]","['relu', 'tanh', 'sigmoid', 'elu']","[1e-05, 0.01]","[2, 3, 4, 5, 6, 7, 8, 9, 10, 11, 12, 13, 14, 15, 16, 17, 18, 19, 20, 21, 22, 23, 24, 25, 26, 27, 28, 29, 30]","[16, 32, 64, 128]","[5, 10, 15, 20]","[2, 3, 5, 7]","[2, 4, 8]",anneal,minimize,local
i6yfhl8z,4,10,1779481601485,,/home/meliani/nni-experiments/i6yfhl8z,1,exp_anneal_sz400_local_plus_ali_local_plus_ali_sz400_h1,hpo,/home/meliani/Desktop/phd/fast-track/search_space.json,python3 trial.py --data ./local_plus_ali.csv --horizon 1 --data-size 400,/home/meliani/Desktop/phd/fast-track,1,10m,25,False,False,info,/home/meliani/nni-experiments,"['LSTM', 'GRU', 'CNN', 'RNN', 'TCN', 'Transformer', 'MLP']","[16, 32, 64, 128, 256]","[1, 2, 3, 4]","[0, 0.1, 0.2, 0.3, 0.5]","['relu', 'tanh', 'sigmoid', 'elu']","[1e-05, 0.01]","[2, 3, 4, 5, 6, 7, 8, 9, 10, 11, 12, 13, 14, 15, 16, 17, 18, 19, 20, 21, 22, 23, 24, 25, 26, 27, 28, 29, 30]","[16, 32, 64, 128]","[5, 10, 15, 20]","[2, 3, 5, 7]","[2, 4, 8]",anneal,minimize,local
i6yfhl8z,5,18,1779481601485,,/home/meliani/nni-experiments/i6yfhl8z,2,exp_anneal_sz400_local_plus_ali_local_plus_ali_sz400_h1,hpo,/home/meliani/Desktop/phd/fast-track/search_space.json,python3 trial.py --data ./local_plus_ali.csv --horizon 1 --data-size 400,/home/meliani/Desktop/phd/fast-track,1,10m,25,False,False,info,/home/meliani/nni-experiments,"['LSTM', 'GRU', 'CNN', 'RNN', 'TCN', 'Transformer', 'MLP']","[16, 32, 64, 128, 256]","[1, 2, 3, 4]","[0, 0.1, 0.2, 0.3, 0.5]","['relu', 'tanh', 'sigmoid', 'elu']","[1e-05, 0.01]","[2, 3, 4, 5, 6, 7, 8, 9, 10, 11, 12, 13, 14, 15, 16, 17, 18, 19, 20, 21, 22, 23, 24, 25, 26, 27, 28, 29, 30]","[16, 32, 64, 128]","[5, 10, 15, 20]","[2, 3, 5, 7]","[2, 4, 8]",anneal,minimize,local
i6yfhl8z,6,20,1779481601485,,/home/meliani/nni-experiments/i6yfhl8z,2,exp_anneal_sz400_local_plus_ali_local_plus_ali_sz400_h1,hpo,/home/meliani/Desktop/phd/fast-track/search_space.json,python3 trial.py --data ./local_plus_ali.csv --horizon 1 --data-size 400,/home/meliani/Desktop/phd/fast-track,1,10m,25,False,False,info,/home/meliani/nni-experiments,"['LSTM', 'GRU', 'CNN', 'RNN', 'TCN', 'Transformer', 'MLP']","[16, 32, 64, 128, 256]","[1, 2, 3, 4]","[0, 0.1, 0.2, 0.3, 0.5]","['relu', 'tanh', 'sigmoid', 'elu']","[1e-05, 0.01]","[2, 3, 4, 5, 6, 7, 8, 9, 10, 11, 12, 13, 14, 15, 16, 17, 18, 19, 20, 21, 22, 23, 24, 25, 26, 27, 28, 29, 30]","[16, 32, 64, 128]","[5, 10, 15, 20]","[2, 3, 5, 7]","[2, 4, 8]",anneal,minimize,local
i6yfhl8z,7,30,1779481601485,,/home/meliani/nni-experiments/i6yfhl8z,2,exp_anneal_sz400_local_plus_ali_local_plus_ali_sz400_h1,hpo,/home/meliani/Desktop/phd/fast-track/search_space.json,python3 trial.py --data ./local_plus_ali.csv --horizon 1 --data-size 400,/home/meliani/Desktop/phd/fast-track,1,10m,25,False,False,info,/home/meliani/nni-experiments,"['LSTM', 'GRU', 'CNN', 'RNN', 'TCN', 'Transformer', 'MLP']","[16, 32, 64, 128, 256]","[1, 2, 3, 4]","[0, 0.1, 0.2, 0.3, 0.5]","['relu', 'tanh', 'sigmoid', 'elu']","[1e-05, 0.01]","[2, 3, 4, 5, 6, 7, 8, 9, 10, 11, 12, 13, 14, 15, 16, 17, 18, 19, 20, 21, 22, 23, 24, 25, 26, 27, 28, 29, 30]","[16, 32, 64, 128]","[5, 10, 15, 20]","[2, 3, 5, 7]","[2, 4, 8]",anneal,minimize,local
i6yfhl8z,8,38,1779481601485,,/home/meliani/nni-experiments/i6yfhl8z,3,exp_anneal_sz400_local_plus_ali_local_plus_ali_sz400_h1,hpo,/home/meliani/Desktop/phd/fast-track/search_space.json,python3 trial.py --data ./local_plus_ali.csv --horizon 1 --data-size 400,/home/meliani/Desktop/phd/fast-track,1,10m,25,False,False,info,/home/meliani/nni-experiments,"['LSTM', 'GRU', 'CNN', 'RNN', 'TCN', 'Transformer', 'MLP']","[16, 32, 64, 128, 256]","[1, 2, 3, 4]","[0, 0.1, 0.2, 0.3, 0.5]","['relu', 'tanh', 'sigmoid', 'elu']","[1e-05, 0.01]","[2, 3, 4, 5, 6, 7, 8, 9, 10, 11, 12, 13, 14, 15, 16, 17, 18, 19, 20, 21, 22, 23, 24, 25, 26, 27, 28, 29, 30]","[16, 32, 64, 128]","[5, 10, 15, 20]","[2, 3, 5, 7]","[2, 4, 8]",anneal,minimize,local
i6yfhl8z,9,40,1779481601485,,/home/meliani/nni-experiments/i6yfhl8z,3,exp_anneal_sz400_local_plus_ali_local_plus_ali_sz400_h1,hpo,/home/meliani/Desktop/phd/fast-track/search_space.json,python3 trial.py --data ./local_plus_ali.csv --horizon 1 --data-size 400,/home/meliani/Desktop/phd/fast-track,1,10m,25,False,False,info,/home/meliani/nni-experiments,"['LSTM', 'GRU', 'CNN', 'RNN', 'TCN', 'Transformer', 'MLP']","[16, 32, 64, 128, 256]","[1, 2, 3, 4]","[0, 0.1, 0.2, 0.3, 0.5]","['relu', 'tanh', 'sigmoid', 'elu']","[1e-05, 0.01]","[2, 3, 4, 5, 6, 7, 8, 9, 10, 11, 12, 13, 14, 15, 16, 17, 18, 19, 20, 21, 22, 23, 24, 25, 26, 27, 28, 29, 30]","[16, 32, 64, 128]","[5, 10, 15, 20]","[2, 3, 5, 7]","[2, 4, 8]",anneal,minimize,local
i6yfhl8z,10,50,1779481601485,,/home/meliani/nni-experiments/i6yfhl8z,3,exp_anneal_sz400_local_plus_ali_local_plus_ali_sz400_h1,hpo,/home/meliani/Desktop/phd/fast-track/search_space.json,python3 trial.py --data ./local_plus_ali.csv --horizon 1 --data-size 400,/home/meliani/Desktop/phd/fast-track,1,10m,25,False,False,info,/home/meliani/nni-experiments,"['LSTM', 'GRU', 'CNN', 'RNN', 'TCN', 'Transformer', 'MLP']","[16, 32, 64, 128, 256]","[1, 2, 3, 4]","[0, 0.1, 0.2, 0.3, 0.5]","['relu', 'tanh', 'sigmoid', 'elu']","[1e-05, 0.01]","[2, 3, 4, 5, 6, 7, 8, 9, 10, 11, 12, 13, 14, 15, 16, 17, 18, 19, 20, 21, 22, 23, 24, 25, 26, 27, 28, 29, 30]","[16, 32, 64, 128]","[5, 10, 15, 20]","[2, 3, 5, 7]","[2, 4, 8]",anneal,minimize,local
i6yfhl8z,11,51,1779481601485,,/home/meliani/nni-experiments/i6yfhl8z,4,exp_anneal_sz400_local_plus_ali_local_plus_ali_sz400_h1,hpo,/home/meliani/Desktop/phd/fast-track/search_space.json,python3 trial.py --data ./local_plus_ali.csv --horizon 1 --data-size 400,/home/meliani/Desktop/phd/fast-track,1,10m,25,False,False,info,/home/meliani/nni-experiments,"['LSTM', 'GRU', 'CNN', 'RNN', 'TCN', 'Transformer', 'MLP']","[16, 32, 64, 128, 256]","[1, 2, 3, 4]","[0, 0.1, 0.2, 0.3, 0.5]","['relu', 'tanh', 'sigmoid', 'elu']","[1e-05, 0.01]","[2, 3, 4, 5, 6, 7, 8, 9, 10, 11, 12, 13, 14, 15, 16, 17, 18, 19, 20, 21, 22, 23, 24, 25, 26, 27, 28, 29, 30]","[16, 32, 64, 128]","[5, 10, 15, 20]","[2, 3, 5, 7]","[2, 4, 8]",anneal,minimize,local
i6yfhl8z,12,60,1779481601485,,/home/meliani/nni-experiments/i6yfhl8z,4,exp_anneal_sz400_local_plus_ali_local_plus_ali_sz400_h1,hpo,/home/meliani/Desktop/phd/fast-track/search_space.json,python3 trial.py --data ./local_plus_ali.csv --horizon 1 --data-size 400,/home/meliani/Desktop/phd/fast-track,1,10m,25,False,False,info,/home/meliani/nni-experiments,"['LSTM', 'GRU', 'CNN', 'RNN', 'TCN', 'Transformer', 'MLP']","[16, 32, 64, 128, 256]","[1, 2, 3, 4]","[0, 0.1, 0.2, 0.3, 0.5]","['relu', 'tanh', 'sigmoid', 'elu']","[1e-05, 0.01]","[2, 3, 4, 5, 6, 7, 8, 9, 10, 11, 12, 13, 14, 15, 16, 17, 18, 19, 20, 21, 22, 23, 24, 25, 26, 27, 28, 29, 30]","[16, 32, 64, 128]","[5, 10, 15, 20]","[2, 3, 5, 7]","[2, 4, 8]",anneal,minimize,local
i6yfhl8z,13,68,1779481601485,,/home/meliani/nni-experiments/i6yfhl8z,5,exp_anneal_sz400_local_plus_ali_local_plus_ali_sz400_h1,hpo,/home/meliani/Desktop/phd/fast-track/search_space.json,python3 trial.py --data ./local_plus_ali.csv --horizon 1 --data-size 400,/home/meliani/Desktop/phd/fast-track,1,10m,25,False,False,info,/home/meliani/nni-experiments,"['LSTM', 'GRU', 'CNN', 'RNN', 'TCN', 'Transformer', 'MLP']","[16, 32, 64, 128, 256]","[1, 2, 3, 4]","[0, 0.1, 0.2, 0.3, 0.5]","['relu', 'tanh', 'sigmoid', 'elu']","[1e-05, 0.01]","[2, 3, 4, 5, 6, 7, 8, 9, 10, 11, 12, 13, 14, 15, 16, 17, 18, 19, 20, 21, 22, 23, 24, 25, 26, 27, 28, 29, 30]","[16, 32, 64, 128]","[5, 10, 15, 20]","[2, 3, 5, 7]","[2, 4, 8]",anneal,minimize,local
i6yfhl8z,14,70,1779481601485,,/home/meliani/nni-experiments/i6yfhl8z,5,exp_anneal_sz400_local_plus_ali_local_plus_ali_sz400_h1,hpo,/home/meliani/Desktop/phd/fast-track/search_space.json,python3 trial.py --data ./local_plus_ali.csv --horizon 1 --data-size 400,/home/meliani/Desktop/phd/fast-track,1,10m,25,False,False,info,/home/meliani/nni-experiments,"['LSTM', 'GRU', 'CNN', 'RNN', 'TCN', 'Transformer', 'MLP']","[16, 32, 64, 128, 256]","[1, 2, 3, 4]","[0, 0.1, 0.2, 0.3, 0.5]","['relu', 'tanh', 'sigmoid', 'elu']","[1e-05, 0.01]","[2, 3, 4, 5, 6, 7, 8, 9, 10, 11, 12, 13, 14, 15, 16, 17, 18, 19, 20, 21, 22, 23, 24, 25, 26, 27, 28, 29, 30]","[16, 32, 64, 128]","[5, 10, 15, 20]","[2, 3, 5, 7]","[2, 4, 8]",anneal,minimize,local
i6yfhl8z,15,79,1779481601485,,/home/meliani/nni-experiments/i6yfhl8z,6,exp_anneal_sz400_local_plus_ali_local_plus_ali_sz400_h1,hpo,/home/meliani/Desktop/phd/fast-track/search_space.json,python3 trial.py --data ./local_plus_ali.csv --horizon 1 --data-size 400,/home/meliani/Desktop/phd/fast-track,1,10m,25,False,False,info,/home/meliani/nni-experiments,"['LSTM', 'GRU', 'CNN', 'RNN', 'TCN', 'Transformer', 'MLP']","[16, 32, 64, 128, 256]","[1, 2, 3, 4]","[0, 0.1, 0.2, 0.3, 0.5]","['relu', 'tanh', 'sigmoid', 'elu']","[1e-05, 0.01]","[2, 3, 4, 5, 6, 7, 8, 9, 10, 11, 12, 13, 14, 15, 16, 17, 18, 19, 20, 21, 22, 23, 24, 25, 26, 27, 28, 29, 30]","[16, 32, 64, 128]","[5, 10, 15, 20]","[2, 3, 5, 7]","[2, 4, 8]",anneal,minimize,local
i6yfhl8z,16,80,1779481601485,,/home/meliani/nni-experiments/i6yfhl8z,6,exp_anneal_sz400_local_plus_ali_local_plus_ali_sz400_h1,hpo,/home/meliani/Desktop/phd/fast-track/search_space.json,python3 trial.py --data ./local_plus_ali.csv --horizon 1 --data-size 400,/home/meliani/Desktop/phd/fast-track,1,10m,25,False,False,info,/home/meliani/nni-experiments,"['LSTM', 'GRU', 'CNN', 'RNN', 'TCN', 'Transformer', 'MLP']","[16, 32, 64, 128, 256]","[1, 2, 3, 4]","[0, 0.1, 0.2, 0.3, 0.5]","['relu', 'tanh', 'sigmoid', 'elu']","[1e-05, 0.01]","[2, 3, 4, 5, 6, 7, 8, 9, 10, 11, 12, 13, 14, 15, 16, 17, 18, 19, 20, 21, 22, 23, 24, 25, 26, 27, 28, 29, 30]","[16, 32, 64, 128]","[5, 10, 15, 20]","[2, 3, 5, 7]","[2, 4, 8]",anneal,minimize,local
i6yfhl8z,17,90,1779481601485,,/home/meliani/nni-experiments/i6yfhl8z,6,exp_anneal_sz400_local_plus_ali_local_plus_ali_sz400_h1,hpo,/home/meliani/Desktop/phd/fast-track/search_space.json,python3 trial.py --data ./local_plus_ali.csv --horizon 1 --data-size 400,/home/meliani/Desktop/phd/fast-track,1,10m,25,False,False,info,/home/meliani/nni-experiments,"['LSTM', 'GRU', 'CNN', 'RNN', 'TCN', 'Transformer', 'MLP']","[16, 32, 64, 128, 256]","[1, 2, 3, 4]","[0, 0.1, 0.2, 0.3, 0.5]","['relu', 'tanh', 'sigmoid', 'elu']","[1e-05, 0.01]","[2, 3, 4, 5, 6, 7, 8, 9, 10, 11, 12, 13, 14, 15, 16, 17, 18, 19, 20, 21, 22, 23, 24, 25, 26, 27, 28, 29, 30]","[16, 32, 64, 128]","[5, 10, 15, 20]","[2, 3, 5, 7]","[2, 4, 8]",anneal,minimize,local
i6yfhl8z,18,95,1779481601485,,/home/meliani/nni-experiments/i6yfhl8z,7,exp_anneal_sz400_local_plus_ali_local_plus_ali_sz400_h1,hpo,/home/meliani/Desktop/phd/fast-track/search_space.json,python3 trial.py --data ./local_plus_ali.csv --horizon 1 --data-size 400,/home/meliani/Desktop/phd/fast-track,1,10m,25,False,False,info,/home/meliani/nni-experiments,"['LSTM', 'GRU', 'CNN', 'RNN', 'TCN', 'Transformer', 'MLP']","[16, 32, 64, 128, 256]","[1, 2, 3, 4]","[0, 0.1, 0.2, 0.3, 0.5]","['relu', 'tanh', 'sigmoid', 'elu']","[1e-05, 0.01]","[2, 3, 4, 5, 6, 7, 8, 9, 10, 11, 12, 13, 14, 15, 16, 17, 18, 19, 20, 21, 22, 23, 24, 25, 26, 27, 28, 29, 30]","[16, 32, 64, 128]","[5, 10, 15, 20]","[2, 3, 5, 7]","[2, 4, 8]",anneal,minimize,local
i6yfhl8z,19,100,1779481601485,,/home/meliani/nni-experiments/i6yfhl8z,7,exp_anneal_sz400_local_plus_ali_local_plus_ali_sz400_h1,hpo,/home/meliani/Desktop/phd/fast-track/search_space.json,python3 trial.py --data ./local_plus_ali.csv --horizon 1 --data-size 400,/home/meliani/Desktop/phd/fast-track,1,10m,25,False,False,info,/home/meliani/nni-experiments,"['LSTM', 'GRU', 'CNN', 'RNN', 'TCN', 'Transformer', 'MLP']","[16, 32, 64, 128, 256]","[1, 2, 3, 4]","[0, 0.1, 0.2, 0.3, 0.5]","['relu', 'tanh', 'sigmoid', 'elu']","[1e-05, 0.01]","[2, 3, 4, 5, 6, 7, 8, 9, 10, 11, 12, 13, 14, 15, 16, 17, 18, 19, 20, 21, 22, 23, 24, 25, 26, 27, 28, 29, 30]","[16, 32, 64, 128]","[5, 10, 15, 20]","[2, 3, 5, 7]","[2, 4, 8]",anneal,minimize,local
i6yfhl8z,20,110,1779481601485,,/home/meliani/nni-experiments/i6yfhl8z,7,exp_anneal_sz400_local_plus_ali_local_plus_ali_sz400_h1,hpo,/home/meliani/Desktop/phd/fast-track/search_space.json,python3 trial.py --data ./local_plus_ali.csv --horizon 1 --data-size 400,/home/meliani/Desktop/phd/fast-track,1,10m,25,False,False,info,/home/meliani/nni-experiments,"['LSTM', 'GRU', 'CNN', 'RNN', 'TCN', 'Transformer', 'MLP']","[16, 32, 64, 128, 256]","[1, 2, 3, 4]","[0, 0.1, 0.2, 0.3, 0.5]","['relu', 'tanh', 'sigmoid', 'elu']","[1e-05, 0.01]","[2, 3, 4, 5, 6, 7, 8, 9, 10, 11, 12, 13, 14, 15, 16, 17, 18, 19, 20, 21, 22, 23, 24, 25, 26, 27, 28, 29, 30]","[16, 32, 64, 128]","[5, 10, 15, 20]","[2, 3, 5, 7]","[2, 4, 8]",anneal,minimize,local
i6yfhl8z,21,116,1779481601485,,/home/meliani/nni-experiments/i6yfhl8z,8,exp_anneal_sz400_local_plus_ali_local_plus_ali_sz400_h1,hpo,/home/meliani/Desktop/phd/fast-track/search_space.json,python3 trial.py --data ./local_plus_ali.csv --horizon 1 --data-size 400,/home/meliani/Desktop/phd/fast-track,1,10m,25,False,False,info,/home/meliani/nni-experiments,"['LSTM', 'GRU', 'CNN', 'RNN', 'TCN', 'Transformer', 'MLP']","[16, 32, 64, 128, 256]","[1, 2, 3, 4]","[0, 0.1, 0.2, 0.3, 0.5]","['relu', 'tanh', 'sigmoid', 'elu']","[1e-05, 0.01]","[2, 3, 4, 5, 6, 7, 8, 9, 10, 11, 12, 13, 14, 15, 16, 17, 18, 19, 20, 21, 22, 23, 24, 25, 26, 27, 28, 29, 30]","[16, 32, 64, 128]","[5, 10, 15, 20]","[2, 3, 5, 7]","[2, 4, 8]",anneal,minimize,local
i6yfhl8z,22,120,1779481601485,,/home/meliani/nni-experiments/i6yfhl8z,8,exp_anneal_sz400_local_plus_ali_local_plus_ali_sz400_h1,hpo,/home/meliani/Desktop/phd/fast-track/search_space.json,python3 trial.py --data ./local_plus_ali.csv --horizon 1 --data-size 400,/home/meliani/Desktop/phd/fast-track,1,10m,25,False,False,info,/home/meliani/nni-experiments,"['LSTM', 'GRU', 'CNN', 'RNN', 'TCN', 'Transformer', 'MLP']","[16, 32, 64, 128, 256]","[1, 2, 3, 4]","[0, 0.1, 0.2, 0.3, 0.5]","['relu', 'tanh', 'sigmoid', 'elu']","[1e-05, 0.01]","[2, 3, 4, 5, 6, 7, 8, 9, 10, 11, 12, 13, 14, 15, 16, 17, 18, 19, 20, 21, 22, 23, 24, 25, 26, 27, 28, 29, 30]","[16, 32, 64, 128]","[5, 10, 15, 20]","[2, 3, 5, 7]","[2, 4, 8]",anneal,minimize,local
i6yfhl8z,23,130,1779481601485,,/home/meliani/nni-experiments/i6yfhl8z,8,exp_anneal_sz400_local_plus_ali_local_plus_ali_sz400_h1,hpo,/home/meliani/Desktop/phd/fast-track/search_space.json,python3 trial.py --data ./local_plus_ali.csv --horizon 1 --data-size 400,/home/meliani/Desktop/phd/fast-track,1,10m,25,False,False,info,/home/meliani/nni-experiments,"['LSTM', 'GRU', 'CNN', 'RNN', 'TCN', 'Transformer', 'MLP']","[16, 32, 64, 128, 256]","[1, 2, 3, 4]","[0, 0.1, 0.2, 0.3, 0.5]","['relu', 'tanh', 'sigmoid', 'elu']","[1e-05, 0.01]","[2, 3, 4, 5, 6, 7, 8, 9, 10, 11, 12, 13, 14, 15, 16, 17, 18, 19, 20, 21, 22, 23, 24, 25, 26, 27, 28, 29, 30]","[16, 32, 64, 128]","[5, 10, 15, 20]","[2, 3, 5, 7]","[2, 4, 8]",anneal,minimize,local
i6yfhl8z,24,130,1779481601485,,/home/meliani/nni-experiments/i6yfhl8z,9,exp_anneal_sz400_local_plus_ali_local_plus_ali_sz400_h1,hpo,/home/meliani/Desktop/phd/fast-track/search_space.json,python3 trial.py --data ./local_plus_ali.csv --horizon 1 --data-size 400,/home/meliani/Desktop/phd/fast-track,1,10m,25,False,False,info,/home/meliani/nni-experiments,"['LSTM', 'GRU', 'CNN', 'RNN', 'TCN', 'Transformer', 'MLP']","[16, 32, 64, 128, 256]","[1, 2, 3, 4]","[0, 0.1, 0.2, 0.3, 0.5]","['relu', 'tanh', 'sigmoid', 'elu']","[1e-05, 0.01]","[2, 3, 4, 5, 6, 7, 8, 9, 10, 11, 12, 13, 14, 15, 16, 17, 18, 19, 20, 21, 22, 23, 24, 25, 26, 27, 28, 29, 30]","[16, 32, 64, 128]","[5, 10, 15, 20]","[2, 3, 5, 7]","[2, 4, 8]",anneal,minimize,local
i6yfhl8z,25,140,1779481601485,,/home/meliani/nni-experiments/i6yfhl8z,9,exp_anneal_sz400_local_plus_ali_local_plus_ali_sz400_h1,hpo,/home/meliani/Desktop/phd/fast-track/search_space.json,python3 trial.py --data ./local_plus_ali.csv --horizon 1 --data-size 400,/home/meliani/Desktop/phd/fast-track,1,10m,25,False,False,info,/home/meliani/nni-experiments,"['LSTM', 'GRU', 'CNN', 'RNN', 'TCN', 'Transformer', 'MLP']","[16, 32, 64, 128, 256]","[1, 2, 3, 4]","[0, 0.1, 0.2, 0.3, 0.5]","['relu', 'tanh', 'sigmoid', 'elu']","[1e-05, 0.01]","[2, 3, 4, 5, 6, 7, 8, 9, 10, 11, 12, 13, 14, 15, 16, 17, 18, 19, 20, 21, 22, 23, 24, 25, 26, 27, 28, 29, 30]","[16, 32, 64, 128]","[5, 10, 15, 20]","[2, 3, 5, 7]","[2, 4, 8]",anneal,minimize,local
i6yfhl8z,26,142,1779481601485,,/home/meliani/nni-experiments/i6yfhl8z,10,exp_anneal_sz400_local_plus_ali_local_plus_ali_sz400_h1,hpo,/home/meliani/Desktop/phd/fast-track/search_space.json,python3 trial.py --data ./local_plus_ali.csv --horizon 1 --data-size 400,/home/meliani/Desktop/phd/fast-track,1,10m,25,False,False,info,/home/meliani/nni-experiments,"['LSTM', 'GRU', 'CNN', 'RNN', 'TCN', 'Transformer', 'MLP']","[16, 32, 64, 128, 256]","[1, 2, 3, 4]","[0, 0.1, 0.2, 0.3, 0.5]","['relu', 'tanh', 'sigmoid', 'elu']","[1e-05, 0.01]","[2, 3, 4, 5, 6, 7, 8, 9, 10, 11, 12, 13, 14, 15, 16, 17, 18, 19, 20, 21, 22, 23, 24, 25, 26, 27, 28, 29, 30]","[16, 32, 64, 128]","[5, 10, 15, 20]","[2, 3, 5, 7]","[2, 4, 8]",anneal,minimize,local
i6yfhl8z,27,150,1779481601485,,/home/meliani/nni-experiments/i6yfhl8z,10,exp_anneal_sz400_local_plus_ali_local_plus_ali_sz400_h1,hpo,/home/meliani/Desktop/phd/fast-track/search_space.json,python3 trial.py --data ./local_plus_ali.csv --horizon 1 --data-size 400,/home/meliani/Desktop/phd/fast-track,1,10m,25,False,False,info,/home/meliani/nni-experiments,"['LSTM', 'GRU', 'CNN', 'RNN', 'TCN', 'Transformer', 'MLP']","[16, 32, 64, 128, 256]","[1, 2, 3, 4]","[0, 0.1, 0.2, 0.3, 0.5]","['relu', 'tanh', 'sigmoid', 'elu']","[1e-05, 0.01]","[2, 3, 4, 5, 6, 7, 8, 9, 10, 11, 12, 13, 14, 15, 16, 17, 18, 19, 20, 21, 22, 23, 24, 25, 26, 27, 28, 29, 30]","[16, 32, 64, 128]","[5, 10, 15, 20]","[2, 3, 5, 7]","[2, 4, 8]",anneal,minimize,local
i6yfhl8z,28,152,1779481601485,,/home/meliani/nni-experiments/i6yfhl8z,11,exp_anneal_sz400_local_plus_ali_local_plus_ali_sz400_h1,hpo,/home/meliani/Desktop/phd/fast-track/search_space.json,python3 trial.py --data ./local_plus_ali.csv --horizon 1 --data-size 400,/home/meliani/Desktop/phd/fast-track,1,10m,25,False,False,info,/home/meliani/nni-experiments,"['LSTM', 'GRU', 'CNN', 'RNN', 'TCN', 'Transformer', 'MLP']","[16, 32, 64, 128, 256]","[1, 2, 3, 4]","[0, 0.1, 0.2, 0.3, 0.5]","['relu', 'tanh', 'sigmoid', 'elu']","[1e-05, 0.01]","[2, 3, 4, 5, 6, 7, 8, 9, 10, 11, 12, 13, 14, 15, 16, 17, 18, 19, 20, 21, 22, 23, 24, 25, 26, 27, 28, 29, 30]","[16, 32, 64, 128]","[5, 10, 15, 20]","[2, 3, 5, 7]","[2, 4, 8]",anneal,minimize,local
i6yfhl8z,29,160,1779481601485,,/home/meliani/nni-experiments/i6yfhl8z,12,exp_anneal_sz400_local_plus_ali_local_plus_ali_sz400_h1,hpo,/home/meliani/Desktop/phd/fast-track/search_space.json,python3 trial.py --data ./local_plus_ali.csv --horizon 1 --data-size 400,/home/meliani/Desktop/phd/fast-track,1,10m,25,False,False,info,/home/meliani/nni-experiments,"['LSTM', 'GRU', 'CNN', 'RNN', 'TCN', 'Transformer', 'MLP']","[16, 32, 64, 128, 256]","[1, 2, 3, 4]","[0, 0.1, 0.2, 0.3, 0.5]","['relu', 'tanh', 'sigmoid', 'elu']","[1e-05, 0.01]","[2, 3, 4, 5, 6, 7, 8, 9, 10, 11, 12, 13, 14, 15, 16, 17, 18, 19, 20, 21, 22, 23, 24, 25, 26, 27, 28, 29, 30]","[16, 32, 64, 128]","[5, 10, 15, 20]","[2, 3, 5, 7]","[2, 4, 8]",anneal,minimize,local
i6yfhl8z,30,160,1779481601485,,/home/meliani/nni-experiments/i6yfhl8z,12,exp_anneal_sz400_local_plus_ali_local_plus_ali_sz400_h1,hpo,/home/meliani/Desktop/phd/fast-track/search_space.json,python3 trial.py --data ./local_plus_ali.csv --horizon 1 --data-size 400,/home/meliani/Desktop/phd/fast-track,1,10m,25,False,False,info,/home/meliani/nni-experiments,"['LSTM', 'GRU', 'CNN', 'RNN', 'TCN', 'Transformer', 'MLP']","[16, 32, 64, 128, 256]","[1, 2, 3, 4]","[0, 0.1, 0.2, 0.3, 0.5]","['relu', 'tanh', 'sigmoid', 'elu']","[1e-05, 0.01]","[2, 3, 4, 5, 6, 7, 8, 9, 10, 11, 12, 13, 14, 15, 16, 17, 18, 19, 20, 21, 22, 23, 24, 25, 26, 27, 28, 29, 30]","[16, 32, 64, 128]","[5, 10, 15, 20]","[2, 3, 5, 7]","[2, 4, 8]",anneal,minimize,local
i6yfhl8z,31,170,1779481601485,,/home/meliani/nni-experiments/i6yfhl8z,12,exp_anneal_sz400_local_plus_ali_local_plus_ali_sz400_h1,hpo,/home/meliani/Desktop/phd/fast-track/search_space.json,python3 trial.py --data ./local_plus_ali.csv --horizon 1 --data-size 400,/home/meliani/Desktop/phd/fast-track,1,10m,25,False,False,info,/home/meliani/nni-experiments,"['LSTM', 'GRU', 'CNN', 'RNN', 'TCN', 'Transformer', 'MLP']","[16, 32, 64, 128, 256]","[1, 2, 3, 4]","[0, 0.1, 0.2, 0.3, 0.5]","['relu', 'tanh', 'sigmoid', 'elu']","[1e-05, 0.01]","[2, 3, 4, 5, 6, 7, 8, 9, 10, 11, 12, 13, 14, 15, 16, 17, 18, 19, 20, 21, 22, 23, 24, 25, 26, 27, 28, 29, 30]","[16, 32, 64, 128]","[5, 10, 15, 20]","[2, 3, 5, 7]","[2, 4, 8]",anneal,minimize,local
i6yfhl8z,32,175,1779481601485,,/home/meliani/nni-experiments/i6yfhl8z,13,exp_anneal_sz400_local_plus_ali_local_plus_ali_sz400_h1,hpo,/home/meliani/Desktop/phd/fast-track/search_space.json,python3 trial.py --data ./local_plus_ali.csv --horizon 1 --data-size 400,/home/meliani/Desktop/phd/fast-track,1,10m,25,False,False,info,/home/meliani/nni-experiments,"['LSTM', 'GRU', 'CNN', 'RNN', 'TCN', 'Transformer', 'MLP']","[16, 32, 64, 128, 256]","[1, 2, 3, 4]","[0, 0.1, 0.2, 0.3, 0.5]","['relu', 'tanh', 'sigmoid', 'elu']","[1e-05, 0.01]","[2, 3, 4, 5, 6, 7, 8, 9, 10, 11, 12, 13, 14, 15, 16, 17, 18, 19, 20, 21, 22, 23, 24, 25, 26, 27, 28, 29, 30]","[16, 32, 64, 128]","[5, 10, 15, 20]","[2, 3, 5, 7]","[2, 4, 8]",anneal,minimize,local
i6yfhl8z,33,180,1779481601485,,/home/meliani/nni-experiments/i6yfhl8z,13,exp_anneal_sz400_local_plus_ali_local_plus_ali_sz400_h1,hpo,/home/meliani/Desktop/phd/fast-track/search_space.json,python3 trial.py --data ./local_plus_ali.csv --horizon 1 --data-size 400,/home/meliani/Desktop/phd/fast-track,1,10m,25,False,False,info,/home/meliani/nni-experiments,"['LSTM', 'GRU', 'CNN', 'RNN', 'TCN', 'Transformer', 'MLP']","[16, 32, 64, 128, 256]","[1, 2, 3, 4]","[0, 0.1, 0.2, 0.3, 0.5]","['relu', 'tanh', 'sigmoid', 'elu']","[1e-05, 0.01]","[2, 3, 4, 5, 6, 7, 8, 9, 10, 11, 12, 13, 14, 15, 16, 17, 18, 19, 20, 21, 22, 23, 24, 25, 26, 27, 28, 29, 30]","[16, 32, 64, 128]","[5, 10, 15, 20]","[2, 3, 5, 7]","[2, 4, 8]",anneal,minimize,local
i6yfhl8z,34,185,1779481601485,,/home/meliani/nni-experiments/i6yfhl8z,14,exp_anneal_sz400_local_plus_ali_local_plus_ali_sz400_h1,hpo,/home/meliani/Desktop/phd/fast-track/search_space.json,python3 trial.py --data ./local_plus_ali.csv --horizon 1 --data-size 400,/home/meliani/Desktop/phd/fast-track,1,10m,25,False,False,info,/home/meliani/nni-experiments,"['LSTM', 'GRU', 'CNN', 'RNN', 'TCN', 'Transformer', 'MLP']","[16, 32, 64, 128, 256]","[1, 2, 3, 4]","[0, 0.1, 0.2, 0.3, 0.5]","['relu', 'tanh', 'sigmoid', 'elu']","[1e-05, 0.01]","[2, 3, 4, 5, 6, 7, 8, 9, 10, 11, 12, 13, 14, 15, 16, 17, 18, 19, 20, 21, 22, 23, 24, 25, 26, 27, 28, 29, 30]","[16, 32, 64, 128]","[5, 10, 15, 20]","[2, 3, 5, 7]","[2, 4, 8]",anneal,minimize,local
i6yfhl8z,35,190,1779481601485,,/home/meliani/nni-experiments/i6yfhl8z,14,exp_anneal_sz400_local_plus_ali_local_plus_ali_sz400_h1,hpo,/home/meliani/Desktop/phd/fast-track/search_space.json,python3 trial.py --data ./local_plus_ali.csv --horizon 1 --data-size 400,/home/meliani/Desktop/phd/fast-track,1,10m,25,False,False,info,/home/meliani/nni-experiments,"['LSTM', 'GRU', 'CNN', 'RNN', 'TCN', 'Transformer', 'MLP']","[16, 32, 64, 128, 256]","[1, 2, 3, 4]","[0, 0.1, 0.2, 0.3, 0.5]","['relu', 'tanh', 'sigmoid', 'elu']","[1e-05, 0.01]","[2, 3, 4, 5, 6, 7, 8, 9, 10, 11, 12, 13, 14, 15, 16, 17, 18, 19, 20, 21, 22, 23, 24, 25, 26, 27, 28, 29, 30]","[16, 32, 64, 128]","[5, 10, 15, 20]","[2, 3, 5, 7]","[2, 4, 8]",anneal,minimize,local
i6yfhl8z,36,200,1779481601485,,/home/meliani/nni-experiments/i6yfhl8z,15,exp_anneal_sz400_local_plus_ali_local_plus_ali_sz400_h1,hpo,/home/meliani/Desktop/phd/fast-track/search_space.json,python3 trial.py --data ./local_plus_ali.csv --horizon 1 --data-size 400,/home/meliani/Desktop/phd/fast-track,1,10m,25,False,False,info,/home/meliani/nni-experiments,"['LSTM', 'GRU', 'CNN', 'RNN', 'TCN', 'Transformer', 'MLP']","[16, 32, 64, 128, 256]","[1, 2, 3, 4]","[0, 0.1, 0.2, 0.3, 0.5]","['relu', 'tanh', 'sigmoid', 'elu']","[1e-05, 0.01]","[2, 3, 4, 5, 6, 7, 8, 9, 10, 11, 12, 13, 14, 15, 16, 17, 18, 19, 20, 21, 22, 23, 24, 25, 26, 27, 28, 29, 30]","[16, 32, 64, 128]","[5, 10, 15, 20]","[2, 3, 5, 7]","[2, 4, 8]",anneal,minimize,local
i6yfhl8z,37,200,1779481601485,,/home/meliani/nni-experiments/i6yfhl8z,15,exp_anneal_sz400_local_plus_ali_local_plus_ali_sz400_h1,hpo,/home/meliani/Desktop/phd/fast-track/search_space.json,python3 trial.py --data ./local_plus_ali.csv --horizon 1 --data-size 400,/home/meliani/Desktop/phd/fast-track,1,10m,25,False,False,info,/home/meliani/nni-experiments,"['LSTM', 'GRU', 'CNN', 'RNN', 'TCN', 'Transformer', 'MLP']","[16, 32, 64, 128, 256]","[1, 2, 3, 4]","[0, 0.1, 0.2, 0.3, 0.5]","['relu', 'tanh', 'sigmoid', 'elu']","[1e-05, 0.01]","[2, 3, 4, 5, 6, 7, 8, 9, 10, 11, 12, 13, 14, 15, 16, 17, 18, 19, 20, 21, 22, 23, 24, 25, 26, 27, 28, 29, 30]","[16, 32, 64, 128]","[5, 10, 15, 20]","[2, 3, 5, 7]","[2, 4, 8]",anneal,minimize,local
i6yfhl8z,38,210,1779481601485,,/home/meliani/nni-experiments/i6yfhl8z,15,exp_anneal_sz400_local_plus_ali_local_plus_ali_sz400_h1,hpo,/home/meliani/Desktop/phd/fast-track/search_space.json,python3 trial.py --data ./local_plus_ali.csv --horizon 1 --data-size 400,/home/meliani/Desktop/phd/fast-track,1,10m,25,False,False,info,/home/meliani/nni-experiments,"['LSTM', 'GRU', 'CNN', 'RNN', 'TCN', 'Transformer', 'MLP']","[16, 32, 64, 128, 256]","[1, 2, 3, 4]","[0, 0.1, 0.2, 0.3, 0.5]","['relu', 'tanh', 'sigmoid', 'elu']","[1e-05, 0.01]","[2, 3, 4, 5, 6, 7, 8, 9, 10, 11, 12, 13, 14, 15, 16, 17, 18, 19, 20, 21, 22, 23, 24, 25, 26, 27, 28, 29, 30]","[16, 32, 64, 128]","[5, 10, 15, 20]","[2, 3, 5, 7]","[2, 4, 8]",anneal,minimize,local
i6yfhl8z,39,211,1779481601485,,/home/meliani/nni-experiments/i6yfhl8z,16,exp_anneal_sz400_local_plus_ali_local_plus_ali_sz400_h1,hpo,/home/meliani/Desktop/phd/fast-track/search_space.json,python3 trial.py --data ./local_plus_ali.csv --horizon 1 --data-size 400,/home/meliani/Desktop/phd/fast-track,1,10m,25,False,False,info,/home/meliani/nni-experiments,"['LSTM', 'GRU', 'CNN', 'RNN', 'TCN', 'Transformer', 'MLP']","[16, 32, 64, 128, 256]","[1, 2, 3, 4]","[0, 0.1, 0.2, 0.3, 0.5]","['relu', 'tanh', 'sigmoid', 'elu']","[1e-05, 0.01]","[2, 3, 4, 5, 6, 7, 8, 9, 10, 11, 12, 13, 14, 15, 16, 17, 18, 19, 20, 21, 22, 23, 24, 25, 26, 27, 28, 29, 30]","[16, 32, 64, 128]","[5, 10, 15, 20]","[2, 3, 5, 7]","[2, 4, 8]",anneal,minimize,local
i6yfhl8z,40,220,1779481601485,,/home/meliani/nni-experiments/i6yfhl8z,16,exp_anneal_sz400_local_plus_ali_local_plus_ali_sz400_h1,hpo,/home/meliani/Desktop/phd/fast-track/search_space.json,python3 trial.py --data ./local_plus_ali.csv --horizon 1 --data-size 400,/home/meliani/Desktop/phd/fast-track,1,10m,25,False,False,info,/home/meliani/nni-experiments,"['LSTM', 'GRU', 'CNN', 'RNN', 'TCN', 'Transformer', 'MLP']","[16, 32, 64, 128, 256]","[1, 2, 3, 4]","[0, 0.1, 0.2, 0.3, 0.5]","['relu', 'tanh', 'sigmoid', 'elu']","[1e-05, 0.01]","[2, 3, 4, 5, 6, 7, 8, 9, 10, 11, 12, 13, 14, 15, 16, 17, 18, 19, 20, 21, 22, 23, 24, 25, 26, 27, 28, 29, 30]","[16, 32, 64, 128]","[5, 10, 15, 20]","[2, 3, 5, 7]","[2, 4, 8]",anneal,minimize,local
i6yfhl8z,41,220,1779481601485,,/home/meliani/nni-experiments/i6yfhl8z,17,exp_anneal_sz400_local_plus_ali_local_plus_ali_sz400_h1,hpo,/home/meliani/Desktop/phd/fast-track/search_space.json,python3 trial.py --data ./local_plus_ali.csv --horizon 1 --data-size 400,/home/meliani/Desktop/phd/fast-track,1,10m,25,False,False,info,/home/meliani/nni-experiments,"['LSTM', 'GRU', 'CNN', 'RNN', 'TCN', 'Transformer', 'MLP']","[16, 32, 64, 128, 256]","[1, 2, 3, 4]","[0, 0.1, 0.2, 0.3, 0.5]","['relu', 'tanh', 'sigmoid', 'elu']","[1e-05, 0.01]","[2, 3, 4, 5, 6, 7, 8, 9, 10, 11, 12, 13, 14, 15, 16, 17, 18, 19, 20, 21, 22, 23, 24, 25, 26, 27, 28, 29, 30]","[16, 32, 64, 128]","[5, 10, 15, 20]","[2, 3, 5, 7]","[2, 4, 8]",anneal,minimize,local
i6yfhl8z,42,230,1779481601485,,/home/meliani/nni-experiments/i6yfhl8z,17,exp_anneal_sz400_local_plus_ali_local_plus_ali_sz400_h1,hpo,/home/meliani/Desktop/phd/fast-track/search_space.json,python3 trial.py --data ./local_plus_ali.csv --horizon 1 --data-size 400,/home/meliani/Desktop/phd/fast-track,1,10m,25,False,False,info,/home/meliani/nni-experiments,"['LSTM', 'GRU', 'CNN', 'RNN', 'TCN', 'Transformer', 'MLP']","[16, 32, 64, 128, 256]","[1, 2, 3, 4]","[0, 0.1, 0.2, 0.3, 0.5]","['relu', 'tanh', 'sigmoid', 'elu']","[1e-05, 0.01]","[2, 3, 4, 5, 6, 7, 8, 9, 10, 11, 12, 13, 14, 15, 16, 17, 18, 19, 20, 21, 22, 23, 24, 25, 26, 27, 28, 29, 30]","[16, 32, 64, 128]","[5, 10, 15, 20]","[2, 3, 5, 7]","[2, 4, 8]",anneal,minimize,local
i6yfhl8z,43,239,1779481601485,,/home/meliani/nni-experiments/i6yfhl8z,18,exp_anneal_sz400_local_plus_ali_local_plus_ali_sz400_h1,hpo,/home/meliani/Desktop/phd/fast-track/search_space.json,python3 trial.py --data ./local_plus_ali.csv --horizon 1 --data-size 400,/home/meliani/Desktop/phd/fast-track,1,10m,25,False,False,info,/home/meliani/nni-experiments,"['LSTM', 'GRU', 'CNN', 'RNN', 'TCN', 'Transformer', 'MLP']","[16, 32, 64, 128, 256]","[1, 2, 3, 4]","[0, 0.1, 0.2, 0.3, 0.5]","['relu', 'tanh', 'sigmoid', 'elu']","[1e-05, 0.01]","[2, 3, 4, 5, 6, 7, 8, 9, 10, 11, 12, 13, 14, 15, 16, 17, 18, 19, 20, 21, 22, 23, 24, 25, 26, 27, 28, 29, 30]","[16, 32, 64, 128]","[5, 10, 15, 20]","[2, 3, 5, 7]","[2, 4, 8]",anneal,minimize,local
i6yfhl8z,44,240,1779481601485,,/home/meliani/nni-experiments/i6yfhl8z,18,exp_anneal_sz400_local_plus_ali_local_plus_ali_sz400_h1,hpo,/home/meliani/Desktop/phd/fast-track/search_space.json,python3 trial.py --data ./local_plus_ali.csv --horizon 1 --data-size 400,/home/meliani/Desktop/phd/fast-track,1,10m,25,False,False,info,/home/meliani/nni-experiments,"['LSTM', 'GRU', 'CNN', 'RNN', 'TCN', 'Transformer', 'MLP']","[16, 32, 64, 128, 256]","[1, 2, 3, 4]","[0, 0.1, 0.2, 0.3, 0.5]","['relu', 'tanh', 'sigmoid', 'elu']","[1e-05, 0.01]","[2, 3, 4, 5, 6, 7, 8, 9, 10, 11, 12, 13, 14, 15, 16, 17, 18, 19, 20, 21, 22, 23, 24, 25, 26, 27, 28, 29, 30]","[16, 32, 64, 128]","[5, 10, 15, 20]","[2, 3, 5, 7]","[2, 4, 8]",anneal,minimize,local
i6yfhl8z,45,250,1779481601485,,/home/meliani/nni-experiments/i6yfhl8z,18,exp_anneal_sz400_local_plus_ali_local_plus_ali_sz400_h1,hpo,/home/meliani/Desktop/phd/fast-track/search_space.json,python3 trial.py --data ./local_plus_ali.csv --horizon 1 --data-size 400,/home/meliani/Desktop/phd/fast-track,1,10m,25,False,False,info,/home/meliani/nni-experiments,"['LSTM', 'GRU', 'CNN', 'RNN', 'TCN', 'Transformer', 'MLP']","[16, 32, 64, 128, 256]","[1, 2, 3, 4]","[0, 0.1, 0.2, 0.3, 0.5]","['relu', 'tanh', 'sigmoid', 'elu']","[1e-05, 0.01]","[2, 3, 4, 5, 6, 7, 8, 9, 10, 11, 12, 13, 14, 15, 16, 17, 18, 19, 20, 21, 22, 23, 24, 25, 26, 27, 28, 29, 30]","[16, 32, 64, 128]","[5, 10, 15, 20]","[2, 3, 5, 7]","[2, 4, 8]",anneal,minimize,local
i6yfhl8z,46,252,1779481601485,,/home/meliani/nni-experiments/i6yfhl8z,19,exp_anneal_sz400_local_plus_ali_local_plus_ali_sz400_h1,hpo,/home/meliani/Desktop/phd/fast-track/search_space.json,python3 trial.py --data ./local_plus_ali.csv --horizon 1 --data-size 400,/home/meliani/Desktop/phd/fast-track,1,10m,25,False,False,info,/home/meliani/nni-experiments,"['LSTM', 'GRU', 'CNN', 'RNN', 'TCN', 'Transformer', 'MLP']","[16, 32, 64, 128, 256]","[1, 2, 3, 4]","[0, 0.1, 0.2, 0.3, 0.5]","['relu', 'tanh', 'sigmoid', 'elu']","[1e-05, 0.01]","[2, 3, 4, 5, 6, 7, 8, 9, 10, 11, 12, 13, 14, 15, 16, 17, 18, 19, 20, 21, 22, 23, 24, 25, 26, 27, 28, 29, 30]","[16, 32, 64, 128]","[5, 10, 15, 20]","[2, 3, 5, 7]","[2, 4, 8]",anneal,minimize,local
i6yfhl8z,47,260,1779481601485,,/home/meliani/nni-experiments/i6yfhl8z,19,exp_anneal_sz400_local_plus_ali_local_plus_ali_sz400_h1,hpo,/home/meliani/Desktop/phd/fast-track/search_space.json,python3 trial.py --data ./local_plus_ali.csv --horizon 1 --data-size 400,/home/meliani/Desktop/phd/fast-track,1,10m,25,False,False,info,/home/meliani/nni-experiments,"['LSTM', 'GRU', 'CNN', 'RNN', 'TCN', 'Transformer', 'MLP']","[16, 32, 64, 128, 256]","[1, 2, 3, 4]","[0, 0.1, 0.2, 0.3, 0.5]","['relu', 'tanh', 'sigmoid', 'elu']","[1e-05, 0.01]","[2, 3, 4, 5, 6, 7, 8, 9, 10, 11, 12, 13, 14, 15, 16, 17, 18, 19, 20, 21, 22, 23, 24, 25, 26, 27, 28, 29, 30]","[16, 32, 64, 128]","[5, 10, 15, 20]","[2, 3, 5, 7]","[2, 4, 8]",anneal,minimize,local
i6yfhl8z,48,262,1779481601485,,/home/meliani/nni-experiments/i6yfhl8z,20,exp_anneal_sz400_local_plus_ali_local_plus_ali_sz400_h1,hpo,/home/meliani/Desktop/phd/fast-track/search_space.json,python3 trial.py --data ./local_plus_ali.csv --horizon 1 --data-size 400,/home/meliani/Desktop/phd/fast-track,1,10m,25,False,False,info,/home/meliani/nni-experiments,"['LSTM', 'GRU', 'CNN', 'RNN', 'TCN', 'Transformer', 'MLP']","[16, 32, 64, 128, 256]","[1, 2, 3, 4]","[0, 0.1, 0.2, 0.3, 0.5]","['relu', 'tanh', 'sigmoid', 'elu']","[1e-05, 0.01]","[2, 3, 4, 5, 6, 7, 8, 9, 10, 11, 12, 13, 14, 15, 16, 17, 18, 19, 20, 21, 22, 23, 24, 25, 26, 27, 28, 29, 30]","[16, 32, 64, 128]","[5, 10, 15, 20]","[2, 3, 5, 7]","[2, 4, 8]",anneal,minimize,local
i6yfhl8z,49,270,1779481601485,,/home/meliani/nni-experiments/i6yfhl8z,20,exp_anneal_sz400_local_plus_ali_local_plus_ali_sz400_h1,hpo,/home/meliani/Desktop/phd/fast-track/search_space.json,python3 trial.py --data ./local_plus_ali.csv --horizon 1 --data-size 400,/home/meliani/Desktop/phd/fast-track,1,10m,25,False,False,info,/home/meliani/nni-experiments,"['LSTM', 'GRU', 'CNN', 'RNN', 'TCN', 'Transformer', 'MLP']","[16, 32, 64, 128, 256]","[1, 2, 3, 4]","[0, 0.1, 0.2, 0.3, 0.5]","['relu', 'tanh', 'sigmoid', 'elu']","[1e-05, 0.01]","[2, 3, 4, 5, 6, 7, 8, 9, 10, 11, 12, 13, 14, 15, 16, 17, 18, 19, 20, 21, 22, 23, 24, 25, 26, 27, 28, 29, 30]","[16, 32, 64, 128]","[5, 10, 15, 20]","[2, 3, 5, 7]","[2, 4, 8]",anneal,minimize,local
i6yfhl8z,50,272,1779481601485,,/home/meliani/nni-experiments/i6yfhl8z,21,exp_anneal_sz400_local_plus_ali_local_plus_ali_sz400_h1,hpo,/home/meliani/Desktop/phd/fast-track/search_space.json,python3 trial.py --data ./local_plus_ali.csv --horizon 1 --data-size 400,/home/meliani/Desktop/phd/fast-track,1,10m,25,False,False,info,/home/meliani/nni-experiments,"['LSTM', 'GRU', 'CNN', 'RNN', 'TCN', 'Transformer', 'MLP']","[16, 32, 64, 128, 256]","[1, 2, 3, 4]","[0, 0.1, 0.2, 0.3, 0.5]","['relu', 'tanh', 'sigmoid', 'elu']","[1e-05, 0.01]","[2, 3, 4, 5, 6, 7, 8, 9, 10, 11, 12, 13, 14, 15, 16, 17, 18, 19, 20, 21, 22, 23, 24, 25, 26, 27, 28, 29, 30]","[16, 32, 64, 128]","[5, 10, 15, 20]","[2, 3, 5, 7]","[2, 4, 8]",anneal,minimize,local
i6yfhl8z,51,280,1779481601485,,/home/meliani/nni-experiments/i6yfhl8z,21,exp_anneal_sz400_local_plus_ali_local_plus_ali_sz400_h1,hpo,/home/meliani/Desktop/phd/fast-track/search_space.json,python3 trial.py --data ./local_plus_ali.csv --horizon 1 --data-size 400,/home/meliani/Desktop/phd/fast-track,1,10m,25,False,False,info,/home/meliani/nni-experiments,"['LSTM', 'GRU', 'CNN', 'RNN', 'TCN', 'Transformer', 'MLP']","[16, 32, 64, 128, 256]","[1, 2, 3, 4]","[0, 0.1, 0.2, 0.3, 0.5]","['relu', 'tanh', 'sigmoid', 'elu']","[1e-05, 0.01]","[2, 3, 4, 5, 6, 7, 8, 9, 10, 11, 12, 13, 14, 15, 16, 17, 18, 19, 20, 21, 22, 23, 24, 25, 26, 27, 28, 29, 30]","[16, 32, 64, 128]","[5, 10, 15, 20]","[2, 3, 5, 7]","[2, 4, 8]",anneal,minimize,local
i6yfhl8z,52,288,1779481601485,,/home/meliani/nni-experiments/i6yfhl8z,22,exp_anneal_sz400_local_plus_ali_local_plus_ali_sz400_h1,hpo,/home/meliani/Desktop/phd/fast-track/search_space.json,python3 trial.py --data ./local_plus_ali.csv --horizon 1 --data-size 400,/home/meliani/Desktop/phd/fast-track,1,10m,25,False,False,info,/home/meliani/nni-experiments,"['LSTM', 'GRU', 'CNN', 'RNN', 'TCN', 'Transformer', 'MLP']","[16, 32, 64, 128, 256]","[1, 2, 3, 4]","[0, 0.1, 0.2, 0.3, 0.5]","['relu', 'tanh', 'sigmoid', 'elu']","[1e-05, 0.01]","[2, 3, 4, 5, 6, 7, 8, 9, 10, 11, 12, 13, 14, 15, 16, 17, 18, 19, 20, 21, 22, 23, 24, 25, 26, 27, 28, 29, 30]","[16, 32, 64, 128]","[5, 10, 15, 20]","[2, 3, 5, 7]","[2, 4, 8]",anneal,minimize,local
i6yfhl8z,53,290,1779481601485,,/home/meliani/nni-experiments/i6yfhl8z,22,exp_anneal_sz400_local_plus_ali_local_plus_ali_sz400_h1,hpo,/home/meliani/Desktop/phd/fast-track/search_space.json,python3 trial.py --data ./local_plus_ali.csv --horizon 1 --data-size 400,/home/meliani/Desktop/phd/fast-track,1,10m,25,False,False,info,/home/meliani/nni-experiments,"['LSTM', 'GRU', 'CNN', 'RNN', 'TCN', 'Transformer', 'MLP']","[16, 32, 64, 128, 256]","[1, 2, 3, 4]","[0, 0.1, 0.2, 0.3, 0.5]","['relu', 'tanh', 'sigmoid', 'elu']","[1e-05, 0.01]","[2, 3, 4, 5, 6, 7, 8, 9, 10, 11, 12, 13, 14, 15, 16, 17, 18, 19, 20, 21, 22, 23, 24, 25, 26, 27, 28, 29, 30]","[16, 32, 64, 128]","[5, 10, 15, 20]","[2, 3, 5, 7]","[2, 4, 8]",anneal,minimize,local
i6yfhl8z,54,300,1779481601485,,/home/meliani/nni-experiments/i6yfhl8z,22,exp_anneal_sz400_local_plus_ali_local_plus_ali_sz400_h1,hpo,/home/meliani/Desktop/phd/fast-track/search_space.json,python3 trial.py --data ./local_plus_ali.csv --horizon 1 --data-size 400,/home/meliani/Desktop/phd/fast-track,1,10m,25,False,False,info,/home/meliani/nni-experiments,"['LSTM', 'GRU', 'CNN', 'RNN', 'TCN', 'Transformer', 'MLP']","[16, 32, 64, 128, 256]","[1, 2, 3, 4]","[0, 0.1, 0.2, 0.3, 0.5]","['relu', 'tanh', 'sigmoid', 'elu']","[1e-05, 0.01]","[2, 3, 4, 5, 6, 7, 8, 9, 10, 11, 12, 13, 14, 15, 16, 17, 18, 19, 20, 21, 22, 23, 24, 25, 26, 27, 28, 29, 30]","[16, 32, 64, 128]","[5, 10, 15, 20]","[2, 3, 5, 7]","[2, 4, 8]",anneal,minimize,local
i6yfhl8z,55,301,1779481601485,,/home/meliani/nni-experiments/i6yfhl8z,23,exp_anneal_sz400_local_plus_ali_local_plus_ali_sz400_h1,hpo,/home/meliani/Desktop/phd/fast-track/search_space.json,python3 trial.py --data ./local_plus_ali.csv --horizon 1 --data-size 400,/home/meliani/Desktop/phd/fast-track,1,10m,25,False,False,info,/home/meliani/nni-experiments,"['LSTM', 'GRU', 'CNN', 'RNN', 'TCN', 'Transformer', 'MLP']","[16, 32, 64, 128, 256]","[1, 2, 3, 4]","[0, 0.1, 0.2, 0.3, 0.5]","['relu', 'tanh', 'sigmoid', 'elu']","[1e-05, 0.01]","[2, 3, 4, 5, 6, 7, 8, 9, 10, 11, 12, 13, 14, 15, 16, 17, 18, 19, 20, 21, 22, 23, 24, 25, 26, 27, 28, 29, 30]","[16, 32, 64, 128]","[5, 10, 15, 20]","[2, 3, 5, 7]","[2, 4, 8]",anneal,minimize,local
i6yfhl8z,56,310,1779481601485,,/home/meliani/nni-experiments/i6yfhl8z,23,exp_anneal_sz400_local_plus_ali_local_plus_ali_sz400_h1,hpo,/home/meliani/Desktop/phd/fast-track/search_space.json,python3 trial.py --data ./local_plus_ali.csv --horizon 1 --data-size 400,/home/meliani/Desktop/phd/fast-track,1,10m,25,False,False,info,/home/meliani/nni-experiments,"['LSTM', 'GRU', 'CNN', 'RNN', 'TCN', 'Transformer', 'MLP']","[16, 32, 64, 128, 256]","[1, 2, 3, 4]","[0, 0.1, 0.2, 0.3, 0.5]","['relu', 'tanh', 'sigmoid', 'elu']","[1e-05, 0.01]","[2, 3, 4, 5, 6, 7, 8, 9, 10, 11, 12, 13, 14, 15, 16, 17, 18, 19, 20, 21, 22, 23, 24, 25, 26, 27, 28, 29, 30]","[16, 32, 64, 128]","[5, 10, 15, 20]","[2, 3, 5, 7]","[2, 4, 8]",anneal,minimize,local
i6yfhl8z,57,311,1779481601485,,/home/meliani/nni-experiments/i6yfhl8z,24,exp_anneal_sz400_local_plus_ali_local_plus_ali_sz400_h1,hpo,/home/meliani/Desktop/phd/fast-track/search_space.json,python3 trial.py --data ./local_plus_ali.csv --horizon 1 --data-size 400,/home/meliani/Desktop/phd/fast-track,1,10m,25,False,False,info,/home/meliani/nni-experiments,"['LSTM', 'GRU', 'CNN', 'RNN', 'TCN', 'Transformer', 'MLP']","[16, 32, 64, 128, 256]","[1, 2, 3, 4]","[0, 0.1, 0.2, 0.3, 0.5]","['relu', 'tanh', 'sigmoid', 'elu']","[1e-05, 0.01]","[2, 3, 4, 5, 6, 7, 8, 9, 10, 11, 12, 13, 14, 15, 16, 17, 18, 19, 20, 21, 22, 23, 24, 25, 26, 27, 28, 29, 30]","[16, 32, 64, 128]","[5, 10, 15, 20]","[2, 3, 5, 7]","[2, 4, 8]",anneal,minimize,local
i6yfhl8z,58,319,1779481601485,,/home/meliani/nni-experiments/i6yfhl8z,25,exp_anneal_sz400_local_plus_ali_local_plus_ali_sz400_h1,hpo,/home/meliani/Desktop/phd/fast-track/search_space.json,python3 trial.py --data ./local_plus_ali.csv --horizon 1 --data-size 400,/home/meliani/Desktop/phd/fast-track,1,10m,25,False,False,info,/home/meliani/nni-experiments,"['LSTM', 'GRU', 'CNN', 'RNN', 'TCN', 'Transformer', 'MLP']","[16, 32, 64, 128, 256]","[1, 2, 3, 4]","[0, 0.1, 0.2, 0.3, 0.5]","['relu', 'tanh', 'sigmoid', 'elu']","[1e-05, 0.01]","[2, 3, 4, 5, 6, 7, 8, 9, 10, 11, 12, 13, 14, 15, 16, 17, 18, 19, 20, 21, 22, 23, 24, 25, 26, 27, 28, 29, 30]","[16, 32, 64, 128]","[5, 10, 15, 20]","[2, 3, 5, 7]","[2, 4, 8]",anneal,minimize,local
i6yfhl8z,59,320,1779481601485,,/home/meliani/nni-experiments/i6yfhl8z,25,exp_anneal_sz400_local_plus_ali_local_plus_ali_sz400_h1,hpo,/home/meliani/Desktop/phd/fast-track/search_space.json,python3 trial.py --data ./local_plus_ali.csv --horizon 1 --data-size 400,/home/meliani/Desktop/phd/fast-track,1,10m,25,False,False,info,/home/meliani/nni-experiments,"['LSTM', 'GRU', 'CNN', 'RNN', 'TCN', 'Transformer', 'MLP']","[16, 32, 64, 128, 256]","[1, 2, 3, 4]","[0, 0.1, 0.2, 0.3, 0.5]","['relu', 'tanh', 'sigmoid', 'elu']","[1e-05, 0.01]","[2, 3, 4, 5, 6, 7, 8, 9, 10, 11, 12, 13, 14, 15, 16, 17, 18, 19, 20, 21, 22, 23, 24, 25, 26, 27, 28, 29, 30]","[16, 32, 64, 128]","[5, 10, 15, 20]","[2, 3, 5, 7]","[2, 4, 8]",anneal,minimize,local
i6yfhl8z,60,322,1779481601485,1779481929108,/home/meliani/nni-experiments/i6yfhl8z,25,exp_anneal_sz400_local_plus_ali_local_plus_ali_sz400_h1,hpo,/home/meliani/Desktop/phd/fast-track/search_space.json,python3 trial.py --data ./local_plus_ali.csv --horizon 1 --data-size 400,/home/meliani/Desktop/phd/fast-track,1,10m,25,False,False,info,/home/meliani/nni-experiments,"['LSTM', 'GRU', 'CNN', 'RNN', 'TCN', 'Transformer', 'MLP']","[16, 32, 64, 128, 256]","[1, 2, 3, 4]","[0, 0.1, 0.2, 0.3, 0.5]","['relu', 'tanh', 'sigmoid', 'elu']","[1e-05, 0.01]","[2, 3, 4, 5, 6, 7, 8, 9, 10, 11, 12, 13, 14, 15, 16, 17, 18, 19, 20, 21, 22, 23, 24, 25, 26, 27, 28, 29, 30]","[16, 32, 64, 128]","[5, 10, 15, 20]","[2, 3, 5, 7]","[2, 4, 8]",anneal,minimize,local
