experiment_id,trial_id,status,start_time,end_time,working_directory,exit_code,experiment_name,experiment_type,search_space_file,trial_command,trial_code_directory,trial_concurrency,max_duration,max_trials,use_annotation,debug_mode,log_level,exp_working_dir,model_types,unit_values,layer_counts,dropout_rates,activations,learning_rate_range,window_sizes,batch_sizes,epoch_options,kernel_sizes,attention_heads,tuner_name,optimize_mode,training_platform
u6cokjb2,1,0,1778587179885,,/home/meliani/nni-experiments/u6cokjb2,0,exp_tpe_300s_tt_only_tt_only,hpo,/home/meliani/Desktop/phd/fast-track/search_space.json,python3 trial.py --data ./tt_only.csv,/home/meliani/Desktop/phd/fast-track,1,300s,100000000,False,False,info,/home/meliani/nni-experiments,"['LSTM', 'GRU', 'CNN', 'RNN', 'TCN', 'Transformer', 'MLP']","[16, 32, 64, 128, 256]","[1, 2, 3, 4]","[0, 0.1, 0.2, 0.3, 0.5]","['relu', 'tanh', 'sigmoid', 'elu']","[1e-05, 0.01]","[2, 3, 4, 5, 6, 7, 8, 9, 10, 11, 12, 13, 14, 15, 16, 17, 18, 19, 20, 21, 22, 23, 24, 25, 26, 27, 28, 29, 30]","[16, 32, 64, 128]","[5, 10, 15, 20]","[2, 3, 5, 7]","[2, 4, 8]",tpe,minimize,local
u6cokjb2,2,0,1778587179885,,/home/meliani/nni-experiments/u6cokjb2,0,exp_tpe_300s_tt_only_tt_only,hpo,/home/meliani/Desktop/phd/fast-track/search_space.json,python3 trial.py --data ./tt_only.csv,/home/meliani/Desktop/phd/fast-track,1,300s,100000000,False,False,info,/home/meliani/nni-experiments,"['LSTM', 'GRU', 'CNN', 'RNN', 'TCN', 'Transformer', 'MLP']","[16, 32, 64, 128, 256]","[1, 2, 3, 4]","[0, 0.1, 0.2, 0.3, 0.5]","['relu', 'tanh', 'sigmoid', 'elu']","[1e-05, 0.01]","[2, 3, 4, 5, 6, 7, 8, 9, 10, 11, 12, 13, 14, 15, 16, 17, 18, 19, 20, 21, 22, 23, 24, 25, 26, 27, 28, 29, 30]","[16, 32, 64, 128]","[5, 10, 15, 20]","[2, 3, 5, 7]","[2, 4, 8]",tpe,minimize,local
u6cokjb2,3,0,1778587179885,,/home/meliani/nni-experiments/u6cokjb2,1,exp_tpe_300s_tt_only_tt_only,hpo,/home/meliani/Desktop/phd/fast-track/search_space.json,python3 trial.py --data ./tt_only.csv,/home/meliani/Desktop/phd/fast-track,1,300s,100000000,False,False,info,/home/meliani/nni-experiments,"['LSTM', 'GRU', 'CNN', 'RNN', 'TCN', 'Transformer', 'MLP']","[16, 32, 64, 128, 256]","[1, 2, 3, 4]","[0, 0.1, 0.2, 0.3, 0.5]","['relu', 'tanh', 'sigmoid', 'elu']","[1e-05, 0.01]","[2, 3, 4, 5, 6, 7, 8, 9, 10, 11, 12, 13, 14, 15, 16, 17, 18, 19, 20, 21, 22, 23, 24, 25, 26, 27, 28, 29, 30]","[16, 32, 64, 128]","[5, 10, 15, 20]","[2, 3, 5, 7]","[2, 4, 8]",tpe,minimize,local
u6cokjb2,4,7,1778587179885,,/home/meliani/nni-experiments/u6cokjb2,2,exp_tpe_300s_tt_only_tt_only,hpo,/home/meliani/Desktop/phd/fast-track/search_space.json,python3 trial.py --data ./tt_only.csv,/home/meliani/Desktop/phd/fast-track,1,300s,100000000,False,False,info,/home/meliani/nni-experiments,"['LSTM', 'GRU', 'CNN', 'RNN', 'TCN', 'Transformer', 'MLP']","[16, 32, 64, 128, 256]","[1, 2, 3, 4]","[0, 0.1, 0.2, 0.3, 0.5]","['relu', 'tanh', 'sigmoid', 'elu']","[1e-05, 0.01]","[2, 3, 4, 5, 6, 7, 8, 9, 10, 11, 12, 13, 14, 15, 16, 17, 18, 19, 20, 21, 22, 23, 24, 25, 26, 27, 28, 29, 30]","[16, 32, 64, 128]","[5, 10, 15, 20]","[2, 3, 5, 7]","[2, 4, 8]",tpe,minimize,local
u6cokjb2,5,10,1778587179885,,/home/meliani/nni-experiments/u6cokjb2,2,exp_tpe_300s_tt_only_tt_only,hpo,/home/meliani/Desktop/phd/fast-track/search_space.json,python3 trial.py --data ./tt_only.csv,/home/meliani/Desktop/phd/fast-track,1,300s,100000000,False,False,info,/home/meliani/nni-experiments,"['LSTM', 'GRU', 'CNN', 'RNN', 'TCN', 'Transformer', 'MLP']","[16, 32, 64, 128, 256]","[1, 2, 3, 4]","[0, 0.1, 0.2, 0.3, 0.5]","['relu', 'tanh', 'sigmoid', 'elu']","[1e-05, 0.01]","[2, 3, 4, 5, 6, 7, 8, 9, 10, 11, 12, 13, 14, 15, 16, 17, 18, 19, 20, 21, 22, 23, 24, 25, 26, 27, 28, 29, 30]","[16, 32, 64, 128]","[5, 10, 15, 20]","[2, 3, 5, 7]","[2, 4, 8]",tpe,minimize,local
u6cokjb2,6,14,1778587179885,,/home/meliani/nni-experiments/u6cokjb2,3,exp_tpe_300s_tt_only_tt_only,hpo,/home/meliani/Desktop/phd/fast-track/search_space.json,python3 trial.py --data ./tt_only.csv,/home/meliani/Desktop/phd/fast-track,1,300s,100000000,False,False,info,/home/meliani/nni-experiments,"['LSTM', 'GRU', 'CNN', 'RNN', 'TCN', 'Transformer', 'MLP']","[16, 32, 64, 128, 256]","[1, 2, 3, 4]","[0, 0.1, 0.2, 0.3, 0.5]","['relu', 'tanh', 'sigmoid', 'elu']","[1e-05, 0.01]","[2, 3, 4, 5, 6, 7, 8, 9, 10, 11, 12, 13, 14, 15, 16, 17, 18, 19, 20, 21, 22, 23, 24, 25, 26, 27, 28, 29, 30]","[16, 32, 64, 128]","[5, 10, 15, 20]","[2, 3, 5, 7]","[2, 4, 8]",tpe,minimize,local
u6cokjb2,7,20,1778587179885,,/home/meliani/nni-experiments/u6cokjb2,3,exp_tpe_300s_tt_only_tt_only,hpo,/home/meliani/Desktop/phd/fast-track/search_space.json,python3 trial.py --data ./tt_only.csv,/home/meliani/Desktop/phd/fast-track,1,300s,100000000,False,False,info,/home/meliani/nni-experiments,"['LSTM', 'GRU', 'CNN', 'RNN', 'TCN', 'Transformer', 'MLP']","[16, 32, 64, 128, 256]","[1, 2, 3, 4]","[0, 0.1, 0.2, 0.3, 0.5]","['relu', 'tanh', 'sigmoid', 'elu']","[1e-05, 0.01]","[2, 3, 4, 5, 6, 7, 8, 9, 10, 11, 12, 13, 14, 15, 16, 17, 18, 19, 20, 21, 22, 23, 24, 25, 26, 27, 28, 29, 30]","[16, 32, 64, 128]","[5, 10, 15, 20]","[2, 3, 5, 7]","[2, 4, 8]",tpe,minimize,local
u6cokjb2,8,30,1778587179885,,/home/meliani/nni-experiments/u6cokjb2,3,exp_tpe_300s_tt_only_tt_only,hpo,/home/meliani/Desktop/phd/fast-track/search_space.json,python3 trial.py --data ./tt_only.csv,/home/meliani/Desktop/phd/fast-track,1,300s,100000000,False,False,info,/home/meliani/nni-experiments,"['LSTM', 'GRU', 'CNN', 'RNN', 'TCN', 'Transformer', 'MLP']","[16, 32, 64, 128, 256]","[1, 2, 3, 4]","[0, 0.1, 0.2, 0.3, 0.5]","['relu', 'tanh', 'sigmoid', 'elu']","[1e-05, 0.01]","[2, 3, 4, 5, 6, 7, 8, 9, 10, 11, 12, 13, 14, 15, 16, 17, 18, 19, 20, 21, 22, 23, 24, 25, 26, 27, 28, 29, 30]","[16, 32, 64, 128]","[5, 10, 15, 20]","[2, 3, 5, 7]","[2, 4, 8]",tpe,minimize,local
u6cokjb2,9,40,1778587179885,,/home/meliani/nni-experiments/u6cokjb2,3,exp_tpe_300s_tt_only_tt_only,hpo,/home/meliani/Desktop/phd/fast-track/search_space.json,python3 trial.py --data ./tt_only.csv,/home/meliani/Desktop/phd/fast-track,1,300s,100000000,False,False,info,/home/meliani/nni-experiments,"['LSTM', 'GRU', 'CNN', 'RNN', 'TCN', 'Transformer', 'MLP']","[16, 32, 64, 128, 256]","[1, 2, 3, 4]","[0, 0.1, 0.2, 0.3, 0.5]","['relu', 'tanh', 'sigmoid', 'elu']","[1e-05, 0.01]","[2, 3, 4, 5, 6, 7, 8, 9, 10, 11, 12, 13, 14, 15, 16, 17, 18, 19, 20, 21, 22, 23, 24, 25, 26, 27, 28, 29, 30]","[16, 32, 64, 128]","[5, 10, 15, 20]","[2, 3, 5, 7]","[2, 4, 8]",tpe,minimize,local
u6cokjb2,10,43,1778587179885,,/home/meliani/nni-experiments/u6cokjb2,4,exp_tpe_300s_tt_only_tt_only,hpo,/home/meliani/Desktop/phd/fast-track/search_space.json,python3 trial.py --data ./tt_only.csv,/home/meliani/Desktop/phd/fast-track,1,300s,100000000,False,False,info,/home/meliani/nni-experiments,"['LSTM', 'GRU', 'CNN', 'RNN', 'TCN', 'Transformer', 'MLP']","[16, 32, 64, 128, 256]","[1, 2, 3, 4]","[0, 0.1, 0.2, 0.3, 0.5]","['relu', 'tanh', 'sigmoid', 'elu']","[1e-05, 0.01]","[2, 3, 4, 5, 6, 7, 8, 9, 10, 11, 12, 13, 14, 15, 16, 17, 18, 19, 20, 21, 22, 23, 24, 25, 26, 27, 28, 29, 30]","[16, 32, 64, 128]","[5, 10, 15, 20]","[2, 3, 5, 7]","[2, 4, 8]",tpe,minimize,local
u6cokjb2,11,50,1778587179885,,/home/meliani/nni-experiments/u6cokjb2,4,exp_tpe_300s_tt_only_tt_only,hpo,/home/meliani/Desktop/phd/fast-track/search_space.json,python3 trial.py --data ./tt_only.csv,/home/meliani/Desktop/phd/fast-track,1,300s,100000000,False,False,info,/home/meliani/nni-experiments,"['LSTM', 'GRU', 'CNN', 'RNN', 'TCN', 'Transformer', 'MLP']","[16, 32, 64, 128, 256]","[1, 2, 3, 4]","[0, 0.1, 0.2, 0.3, 0.5]","['relu', 'tanh', 'sigmoid', 'elu']","[1e-05, 0.01]","[2, 3, 4, 5, 6, 7, 8, 9, 10, 11, 12, 13, 14, 15, 16, 17, 18, 19, 20, 21, 22, 23, 24, 25, 26, 27, 28, 29, 30]","[16, 32, 64, 128]","[5, 10, 15, 20]","[2, 3, 5, 7]","[2, 4, 8]",tpe,minimize,local
u6cokjb2,12,60,1778587179885,,/home/meliani/nni-experiments/u6cokjb2,4,exp_tpe_300s_tt_only_tt_only,hpo,/home/meliani/Desktop/phd/fast-track/search_space.json,python3 trial.py --data ./tt_only.csv,/home/meliani/Desktop/phd/fast-track,1,300s,100000000,False,False,info,/home/meliani/nni-experiments,"['LSTM', 'GRU', 'CNN', 'RNN', 'TCN', 'Transformer', 'MLP']","[16, 32, 64, 128, 256]","[1, 2, 3, 4]","[0, 0.1, 0.2, 0.3, 0.5]","['relu', 'tanh', 'sigmoid', 'elu']","[1e-05, 0.01]","[2, 3, 4, 5, 6, 7, 8, 9, 10, 11, 12, 13, 14, 15, 16, 17, 18, 19, 20, 21, 22, 23, 24, 25, 26, 27, 28, 29, 30]","[16, 32, 64, 128]","[5, 10, 15, 20]","[2, 3, 5, 7]","[2, 4, 8]",tpe,minimize,local
u6cokjb2,13,64,1778587179885,,/home/meliani/nni-experiments/u6cokjb2,5,exp_tpe_300s_tt_only_tt_only,hpo,/home/meliani/Desktop/phd/fast-track/search_space.json,python3 trial.py --data ./tt_only.csv,/home/meliani/Desktop/phd/fast-track,1,300s,100000000,False,False,info,/home/meliani/nni-experiments,"['LSTM', 'GRU', 'CNN', 'RNN', 'TCN', 'Transformer', 'MLP']","[16, 32, 64, 128, 256]","[1, 2, 3, 4]","[0, 0.1, 0.2, 0.3, 0.5]","['relu', 'tanh', 'sigmoid', 'elu']","[1e-05, 0.01]","[2, 3, 4, 5, 6, 7, 8, 9, 10, 11, 12, 13, 14, 15, 16, 17, 18, 19, 20, 21, 22, 23, 24, 25, 26, 27, 28, 29, 30]","[16, 32, 64, 128]","[5, 10, 15, 20]","[2, 3, 5, 7]","[2, 4, 8]",tpe,minimize,local
u6cokjb2,14,70,1778587179885,,/home/meliani/nni-experiments/u6cokjb2,5,exp_tpe_300s_tt_only_tt_only,hpo,/home/meliani/Desktop/phd/fast-track/search_space.json,python3 trial.py --data ./tt_only.csv,/home/meliani/Desktop/phd/fast-track,1,300s,100000000,False,False,info,/home/meliani/nni-experiments,"['LSTM', 'GRU', 'CNN', 'RNN', 'TCN', 'Transformer', 'MLP']","[16, 32, 64, 128, 256]","[1, 2, 3, 4]","[0, 0.1, 0.2, 0.3, 0.5]","['relu', 'tanh', 'sigmoid', 'elu']","[1e-05, 0.01]","[2, 3, 4, 5, 6, 7, 8, 9, 10, 11, 12, 13, 14, 15, 16, 17, 18, 19, 20, 21, 22, 23, 24, 25, 26, 27, 28, 29, 30]","[16, 32, 64, 128]","[5, 10, 15, 20]","[2, 3, 5, 7]","[2, 4, 8]",tpe,minimize,local
u6cokjb2,15,80,1778587179885,,/home/meliani/nni-experiments/u6cokjb2,5,exp_tpe_300s_tt_only_tt_only,hpo,/home/meliani/Desktop/phd/fast-track/search_space.json,python3 trial.py --data ./tt_only.csv,/home/meliani/Desktop/phd/fast-track,1,300s,100000000,False,False,info,/home/meliani/nni-experiments,"['LSTM', 'GRU', 'CNN', 'RNN', 'TCN', 'Transformer', 'MLP']","[16, 32, 64, 128, 256]","[1, 2, 3, 4]","[0, 0.1, 0.2, 0.3, 0.5]","['relu', 'tanh', 'sigmoid', 'elu']","[1e-05, 0.01]","[2, 3, 4, 5, 6, 7, 8, 9, 10, 11, 12, 13, 14, 15, 16, 17, 18, 19, 20, 21, 22, 23, 24, 25, 26, 27, 28, 29, 30]","[16, 32, 64, 128]","[5, 10, 15, 20]","[2, 3, 5, 7]","[2, 4, 8]",tpe,minimize,local
u6cokjb2,16,90,1778587179885,,/home/meliani/nni-experiments/u6cokjb2,5,exp_tpe_300s_tt_only_tt_only,hpo,/home/meliani/Desktop/phd/fast-track/search_space.json,python3 trial.py --data ./tt_only.csv,/home/meliani/Desktop/phd/fast-track,1,300s,100000000,False,False,info,/home/meliani/nni-experiments,"['LSTM', 'GRU', 'CNN', 'RNN', 'TCN', 'Transformer', 'MLP']","[16, 32, 64, 128, 256]","[1, 2, 3, 4]","[0, 0.1, 0.2, 0.3, 0.5]","['relu', 'tanh', 'sigmoid', 'elu']","[1e-05, 0.01]","[2, 3, 4, 5, 6, 7, 8, 9, 10, 11, 12, 13, 14, 15, 16, 17, 18, 19, 20, 21, 22, 23, 24, 25, 26, 27, 28, 29, 30]","[16, 32, 64, 128]","[5, 10, 15, 20]","[2, 3, 5, 7]","[2, 4, 8]",tpe,minimize,local
u6cokjb2,17,98,1778587179885,,/home/meliani/nni-experiments/u6cokjb2,6,exp_tpe_300s_tt_only_tt_only,hpo,/home/meliani/Desktop/phd/fast-track/search_space.json,python3 trial.py --data ./tt_only.csv,/home/meliani/Desktop/phd/fast-track,1,300s,100000000,False,False,info,/home/meliani/nni-experiments,"['LSTM', 'GRU', 'CNN', 'RNN', 'TCN', 'Transformer', 'MLP']","[16, 32, 64, 128, 256]","[1, 2, 3, 4]","[0, 0.1, 0.2, 0.3, 0.5]","['relu', 'tanh', 'sigmoid', 'elu']","[1e-05, 0.01]","[2, 3, 4, 5, 6, 7, 8, 9, 10, 11, 12, 13, 14, 15, 16, 17, 18, 19, 20, 21, 22, 23, 24, 25, 26, 27, 28, 29, 30]","[16, 32, 64, 128]","[5, 10, 15, 20]","[2, 3, 5, 7]","[2, 4, 8]",tpe,minimize,local
u6cokjb2,18,100,1778587179885,,/home/meliani/nni-experiments/u6cokjb2,6,exp_tpe_300s_tt_only_tt_only,hpo,/home/meliani/Desktop/phd/fast-track/search_space.json,python3 trial.py --data ./tt_only.csv,/home/meliani/Desktop/phd/fast-track,1,300s,100000000,False,False,info,/home/meliani/nni-experiments,"['LSTM', 'GRU', 'CNN', 'RNN', 'TCN', 'Transformer', 'MLP']","[16, 32, 64, 128, 256]","[1, 2, 3, 4]","[0, 0.1, 0.2, 0.3, 0.5]","['relu', 'tanh', 'sigmoid', 'elu']","[1e-05, 0.01]","[2, 3, 4, 5, 6, 7, 8, 9, 10, 11, 12, 13, 14, 15, 16, 17, 18, 19, 20, 21, 22, 23, 24, 25, 26, 27, 28, 29, 30]","[16, 32, 64, 128]","[5, 10, 15, 20]","[2, 3, 5, 7]","[2, 4, 8]",tpe,minimize,local
u6cokjb2,19,110,1778587179885,,/home/meliani/nni-experiments/u6cokjb2,6,exp_tpe_300s_tt_only_tt_only,hpo,/home/meliani/Desktop/phd/fast-track/search_space.json,python3 trial.py --data ./tt_only.csv,/home/meliani/Desktop/phd/fast-track,1,300s,100000000,False,False,info,/home/meliani/nni-experiments,"['LSTM', 'GRU', 'CNN', 'RNN', 'TCN', 'Transformer', 'MLP']","[16, 32, 64, 128, 256]","[1, 2, 3, 4]","[0, 0.1, 0.2, 0.3, 0.5]","['relu', 'tanh', 'sigmoid', 'elu']","[1e-05, 0.01]","[2, 3, 4, 5, 6, 7, 8, 9, 10, 11, 12, 13, 14, 15, 16, 17, 18, 19, 20, 21, 22, 23, 24, 25, 26, 27, 28, 29, 30]","[16, 32, 64, 128]","[5, 10, 15, 20]","[2, 3, 5, 7]","[2, 4, 8]",tpe,minimize,local
u6cokjb2,20,120,1778587179885,,/home/meliani/nni-experiments/u6cokjb2,6,exp_tpe_300s_tt_only_tt_only,hpo,/home/meliani/Desktop/phd/fast-track/search_space.json,python3 trial.py --data ./tt_only.csv,/home/meliani/Desktop/phd/fast-track,1,300s,100000000,False,False,info,/home/meliani/nni-experiments,"['LSTM', 'GRU', 'CNN', 'RNN', 'TCN', 'Transformer', 'MLP']","[16, 32, 64, 128, 256]","[1, 2, 3, 4]","[0, 0.1, 0.2, 0.3, 0.5]","['relu', 'tanh', 'sigmoid', 'elu']","[1e-05, 0.01]","[2, 3, 4, 5, 6, 7, 8, 9, 10, 11, 12, 13, 14, 15, 16, 17, 18, 19, 20, 21, 22, 23, 24, 25, 26, 27, 28, 29, 30]","[16, 32, 64, 128]","[5, 10, 15, 20]","[2, 3, 5, 7]","[2, 4, 8]",tpe,minimize,local
u6cokjb2,21,130,1778587179885,,/home/meliani/nni-experiments/u6cokjb2,6,exp_tpe_300s_tt_only_tt_only,hpo,/home/meliani/Desktop/phd/fast-track/search_space.json,python3 trial.py --data ./tt_only.csv,/home/meliani/Desktop/phd/fast-track,1,300s,100000000,False,False,info,/home/meliani/nni-experiments,"['LSTM', 'GRU', 'CNN', 'RNN', 'TCN', 'Transformer', 'MLP']","[16, 32, 64, 128, 256]","[1, 2, 3, 4]","[0, 0.1, 0.2, 0.3, 0.5]","['relu', 'tanh', 'sigmoid', 'elu']","[1e-05, 0.01]","[2, 3, 4, 5, 6, 7, 8, 9, 10, 11, 12, 13, 14, 15, 16, 17, 18, 19, 20, 21, 22, 23, 24, 25, 26, 27, 28, 29, 30]","[16, 32, 64, 128]","[5, 10, 15, 20]","[2, 3, 5, 7]","[2, 4, 8]",tpe,minimize,local
u6cokjb2,22,140,1778587179885,,/home/meliani/nni-experiments/u6cokjb2,6,exp_tpe_300s_tt_only_tt_only,hpo,/home/meliani/Desktop/phd/fast-track/search_space.json,python3 trial.py --data ./tt_only.csv,/home/meliani/Desktop/phd/fast-track,1,300s,100000000,False,False,info,/home/meliani/nni-experiments,"['LSTM', 'GRU', 'CNN', 'RNN', 'TCN', 'Transformer', 'MLP']","[16, 32, 64, 128, 256]","[1, 2, 3, 4]","[0, 0.1, 0.2, 0.3, 0.5]","['relu', 'tanh', 'sigmoid', 'elu']","[1e-05, 0.01]","[2, 3, 4, 5, 6, 7, 8, 9, 10, 11, 12, 13, 14, 15, 16, 17, 18, 19, 20, 21, 22, 23, 24, 25, 26, 27, 28, 29, 30]","[16, 32, 64, 128]","[5, 10, 15, 20]","[2, 3, 5, 7]","[2, 4, 8]",tpe,minimize,local
u6cokjb2,23,150,1778587179885,,/home/meliani/nni-experiments/u6cokjb2,6,exp_tpe_300s_tt_only_tt_only,hpo,/home/meliani/Desktop/phd/fast-track/search_space.json,python3 trial.py --data ./tt_only.csv,/home/meliani/Desktop/phd/fast-track,1,300s,100000000,False,False,info,/home/meliani/nni-experiments,"['LSTM', 'GRU', 'CNN', 'RNN', 'TCN', 'Transformer', 'MLP']","[16, 32, 64, 128, 256]","[1, 2, 3, 4]","[0, 0.1, 0.2, 0.3, 0.5]","['relu', 'tanh', 'sigmoid', 'elu']","[1e-05, 0.01]","[2, 3, 4, 5, 6, 7, 8, 9, 10, 11, 12, 13, 14, 15, 16, 17, 18, 19, 20, 21, 22, 23, 24, 25, 26, 27, 28, 29, 30]","[16, 32, 64, 128]","[5, 10, 15, 20]","[2, 3, 5, 7]","[2, 4, 8]",tpe,minimize,local
u6cokjb2,24,160,1778587179885,,/home/meliani/nni-experiments/u6cokjb2,6,exp_tpe_300s_tt_only_tt_only,hpo,/home/meliani/Desktop/phd/fast-track/search_space.json,python3 trial.py --data ./tt_only.csv,/home/meliani/Desktop/phd/fast-track,1,300s,100000000,False,False,info,/home/meliani/nni-experiments,"['LSTM', 'GRU', 'CNN', 'RNN', 'TCN', 'Transformer', 'MLP']","[16, 32, 64, 128, 256]","[1, 2, 3, 4]","[0, 0.1, 0.2, 0.3, 0.5]","['relu', 'tanh', 'sigmoid', 'elu']","[1e-05, 0.01]","[2, 3, 4, 5, 6, 7, 8, 9, 10, 11, 12, 13, 14, 15, 16, 17, 18, 19, 20, 21, 22, 23, 24, 25, 26, 27, 28, 29, 30]","[16, 32, 64, 128]","[5, 10, 15, 20]","[2, 3, 5, 7]","[2, 4, 8]",tpe,minimize,local
u6cokjb2,25,170,1778587179885,,/home/meliani/nni-experiments/u6cokjb2,7,exp_tpe_300s_tt_only_tt_only,hpo,/home/meliani/Desktop/phd/fast-track/search_space.json,python3 trial.py --data ./tt_only.csv,/home/meliani/Desktop/phd/fast-track,1,300s,100000000,False,False,info,/home/meliani/nni-experiments,"['LSTM', 'GRU', 'CNN', 'RNN', 'TCN', 'Transformer', 'MLP']","[16, 32, 64, 128, 256]","[1, 2, 3, 4]","[0, 0.1, 0.2, 0.3, 0.5]","['relu', 'tanh', 'sigmoid', 'elu']","[1e-05, 0.01]","[2, 3, 4, 5, 6, 7, 8, 9, 10, 11, 12, 13, 14, 15, 16, 17, 18, 19, 20, 21, 22, 23, 24, 25, 26, 27, 28, 29, 30]","[16, 32, 64, 128]","[5, 10, 15, 20]","[2, 3, 5, 7]","[2, 4, 8]",tpe,minimize,local
u6cokjb2,26,170,1778587179885,,/home/meliani/nni-experiments/u6cokjb2,7,exp_tpe_300s_tt_only_tt_only,hpo,/home/meliani/Desktop/phd/fast-track/search_space.json,python3 trial.py --data ./tt_only.csv,/home/meliani/Desktop/phd/fast-track,1,300s,100000000,False,False,info,/home/meliani/nni-experiments,"['LSTM', 'GRU', 'CNN', 'RNN', 'TCN', 'Transformer', 'MLP']","[16, 32, 64, 128, 256]","[1, 2, 3, 4]","[0, 0.1, 0.2, 0.3, 0.5]","['relu', 'tanh', 'sigmoid', 'elu']","[1e-05, 0.01]","[2, 3, 4, 5, 6, 7, 8, 9, 10, 11, 12, 13, 14, 15, 16, 17, 18, 19, 20, 21, 22, 23, 24, 25, 26, 27, 28, 29, 30]","[16, 32, 64, 128]","[5, 10, 15, 20]","[2, 3, 5, 7]","[2, 4, 8]",tpe,minimize,local
u6cokjb2,27,179,1778587179885,,/home/meliani/nni-experiments/u6cokjb2,8,exp_tpe_300s_tt_only_tt_only,hpo,/home/meliani/Desktop/phd/fast-track/search_space.json,python3 trial.py --data ./tt_only.csv,/home/meliani/Desktop/phd/fast-track,1,300s,100000000,False,False,info,/home/meliani/nni-experiments,"['LSTM', 'GRU', 'CNN', 'RNN', 'TCN', 'Transformer', 'MLP']","[16, 32, 64, 128, 256]","[1, 2, 3, 4]","[0, 0.1, 0.2, 0.3, 0.5]","['relu', 'tanh', 'sigmoid', 'elu']","[1e-05, 0.01]","[2, 3, 4, 5, 6, 7, 8, 9, 10, 11, 12, 13, 14, 15, 16, 17, 18, 19, 20, 21, 22, 23, 24, 25, 26, 27, 28, 29, 30]","[16, 32, 64, 128]","[5, 10, 15, 20]","[2, 3, 5, 7]","[2, 4, 8]",tpe,minimize,local
u6cokjb2,28,180,1778587179885,,/home/meliani/nni-experiments/u6cokjb2,8,exp_tpe_300s_tt_only_tt_only,hpo,/home/meliani/Desktop/phd/fast-track/search_space.json,python3 trial.py --data ./tt_only.csv,/home/meliani/Desktop/phd/fast-track,1,300s,100000000,False,False,info,/home/meliani/nni-experiments,"['LSTM', 'GRU', 'CNN', 'RNN', 'TCN', 'Transformer', 'MLP']","[16, 32, 64, 128, 256]","[1, 2, 3, 4]","[0, 0.1, 0.2, 0.3, 0.5]","['relu', 'tanh', 'sigmoid', 'elu']","[1e-05, 0.01]","[2, 3, 4, 5, 6, 7, 8, 9, 10, 11, 12, 13, 14, 15, 16, 17, 18, 19, 20, 21, 22, 23, 24, 25, 26, 27, 28, 29, 30]","[16, 32, 64, 128]","[5, 10, 15, 20]","[2, 3, 5, 7]","[2, 4, 8]",tpe,minimize,local
u6cokjb2,29,190,1778587179885,,/home/meliani/nni-experiments/u6cokjb2,8,exp_tpe_300s_tt_only_tt_only,hpo,/home/meliani/Desktop/phd/fast-track/search_space.json,python3 trial.py --data ./tt_only.csv,/home/meliani/Desktop/phd/fast-track,1,300s,100000000,False,False,info,/home/meliani/nni-experiments,"['LSTM', 'GRU', 'CNN', 'RNN', 'TCN', 'Transformer', 'MLP']","[16, 32, 64, 128, 256]","[1, 2, 3, 4]","[0, 0.1, 0.2, 0.3, 0.5]","['relu', 'tanh', 'sigmoid', 'elu']","[1e-05, 0.01]","[2, 3, 4, 5, 6, 7, 8, 9, 10, 11, 12, 13, 14, 15, 16, 17, 18, 19, 20, 21, 22, 23, 24, 25, 26, 27, 28, 29, 30]","[16, 32, 64, 128]","[5, 10, 15, 20]","[2, 3, 5, 7]","[2, 4, 8]",tpe,minimize,local
u6cokjb2,30,200,1778587179885,,/home/meliani/nni-experiments/u6cokjb2,8,exp_tpe_300s_tt_only_tt_only,hpo,/home/meliani/Desktop/phd/fast-track/search_space.json,python3 trial.py --data ./tt_only.csv,/home/meliani/Desktop/phd/fast-track,1,300s,100000000,False,False,info,/home/meliani/nni-experiments,"['LSTM', 'GRU', 'CNN', 'RNN', 'TCN', 'Transformer', 'MLP']","[16, 32, 64, 128, 256]","[1, 2, 3, 4]","[0, 0.1, 0.2, 0.3, 0.5]","['relu', 'tanh', 'sigmoid', 'elu']","[1e-05, 0.01]","[2, 3, 4, 5, 6, 7, 8, 9, 10, 11, 12, 13, 14, 15, 16, 17, 18, 19, 20, 21, 22, 23, 24, 25, 26, 27, 28, 29, 30]","[16, 32, 64, 128]","[5, 10, 15, 20]","[2, 3, 5, 7]","[2, 4, 8]",tpe,minimize,local
u6cokjb2,31,210,1778587179885,,/home/meliani/nni-experiments/u6cokjb2,8,exp_tpe_300s_tt_only_tt_only,hpo,/home/meliani/Desktop/phd/fast-track/search_space.json,python3 trial.py --data ./tt_only.csv,/home/meliani/Desktop/phd/fast-track,1,300s,100000000,False,False,info,/home/meliani/nni-experiments,"['LSTM', 'GRU', 'CNN', 'RNN', 'TCN', 'Transformer', 'MLP']","[16, 32, 64, 128, 256]","[1, 2, 3, 4]","[0, 0.1, 0.2, 0.3, 0.5]","['relu', 'tanh', 'sigmoid', 'elu']","[1e-05, 0.01]","[2, 3, 4, 5, 6, 7, 8, 9, 10, 11, 12, 13, 14, 15, 16, 17, 18, 19, 20, 21, 22, 23, 24, 25, 26, 27, 28, 29, 30]","[16, 32, 64, 128]","[5, 10, 15, 20]","[2, 3, 5, 7]","[2, 4, 8]",tpe,minimize,local
u6cokjb2,32,211,1778587179885,,/home/meliani/nni-experiments/u6cokjb2,9,exp_tpe_300s_tt_only_tt_only,hpo,/home/meliani/Desktop/phd/fast-track/search_space.json,python3 trial.py --data ./tt_only.csv,/home/meliani/Desktop/phd/fast-track,1,300s,100000000,False,False,info,/home/meliani/nni-experiments,"['LSTM', 'GRU', 'CNN', 'RNN', 'TCN', 'Transformer', 'MLP']","[16, 32, 64, 128, 256]","[1, 2, 3, 4]","[0, 0.1, 0.2, 0.3, 0.5]","['relu', 'tanh', 'sigmoid', 'elu']","[1e-05, 0.01]","[2, 3, 4, 5, 6, 7, 8, 9, 10, 11, 12, 13, 14, 15, 16, 17, 18, 19, 20, 21, 22, 23, 24, 25, 26, 27, 28, 29, 30]","[16, 32, 64, 128]","[5, 10, 15, 20]","[2, 3, 5, 7]","[2, 4, 8]",tpe,minimize,local
u6cokjb2,33,220,1778587179885,,/home/meliani/nni-experiments/u6cokjb2,9,exp_tpe_300s_tt_only_tt_only,hpo,/home/meliani/Desktop/phd/fast-track/search_space.json,python3 trial.py --data ./tt_only.csv,/home/meliani/Desktop/phd/fast-track,1,300s,100000000,False,False,info,/home/meliani/nni-experiments,"['LSTM', 'GRU', 'CNN', 'RNN', 'TCN', 'Transformer', 'MLP']","[16, 32, 64, 128, 256]","[1, 2, 3, 4]","[0, 0.1, 0.2, 0.3, 0.5]","['relu', 'tanh', 'sigmoid', 'elu']","[1e-05, 0.01]","[2, 3, 4, 5, 6, 7, 8, 9, 10, 11, 12, 13, 14, 15, 16, 17, 18, 19, 20, 21, 22, 23, 24, 25, 26, 27, 28, 29, 30]","[16, 32, 64, 128]","[5, 10, 15, 20]","[2, 3, 5, 7]","[2, 4, 8]",tpe,minimize,local
u6cokjb2,34,229,1778587179885,,/home/meliani/nni-experiments/u6cokjb2,10,exp_tpe_300s_tt_only_tt_only,hpo,/home/meliani/Desktop/phd/fast-track/search_space.json,python3 trial.py --data ./tt_only.csv,/home/meliani/Desktop/phd/fast-track,1,300s,100000000,False,False,info,/home/meliani/nni-experiments,"['LSTM', 'GRU', 'CNN', 'RNN', 'TCN', 'Transformer', 'MLP']","[16, 32, 64, 128, 256]","[1, 2, 3, 4]","[0, 0.1, 0.2, 0.3, 0.5]","['relu', 'tanh', 'sigmoid', 'elu']","[1e-05, 0.01]","[2, 3, 4, 5, 6, 7, 8, 9, 10, 11, 12, 13, 14, 15, 16, 17, 18, 19, 20, 21, 22, 23, 24, 25, 26, 27, 28, 29, 30]","[16, 32, 64, 128]","[5, 10, 15, 20]","[2, 3, 5, 7]","[2, 4, 8]",tpe,minimize,local
u6cokjb2,35,230,1778587179885,,/home/meliani/nni-experiments/u6cokjb2,10,exp_tpe_300s_tt_only_tt_only,hpo,/home/meliani/Desktop/phd/fast-track/search_space.json,python3 trial.py --data ./tt_only.csv,/home/meliani/Desktop/phd/fast-track,1,300s,100000000,False,False,info,/home/meliani/nni-experiments,"['LSTM', 'GRU', 'CNN', 'RNN', 'TCN', 'Transformer', 'MLP']","[16, 32, 64, 128, 256]","[1, 2, 3, 4]","[0, 0.1, 0.2, 0.3, 0.5]","['relu', 'tanh', 'sigmoid', 'elu']","[1e-05, 0.01]","[2, 3, 4, 5, 6, 7, 8, 9, 10, 11, 12, 13, 14, 15, 16, 17, 18, 19, 20, 21, 22, 23, 24, 25, 26, 27, 28, 29, 30]","[16, 32, 64, 128]","[5, 10, 15, 20]","[2, 3, 5, 7]","[2, 4, 8]",tpe,minimize,local
u6cokjb2,36,235,1778587179885,,/home/meliani/nni-experiments/u6cokjb2,11,exp_tpe_300s_tt_only_tt_only,hpo,/home/meliani/Desktop/phd/fast-track/search_space.json,python3 trial.py --data ./tt_only.csv,/home/meliani/Desktop/phd/fast-track,1,300s,100000000,False,False,info,/home/meliani/nni-experiments,"['LSTM', 'GRU', 'CNN', 'RNN', 'TCN', 'Transformer', 'MLP']","[16, 32, 64, 128, 256]","[1, 2, 3, 4]","[0, 0.1, 0.2, 0.3, 0.5]","['relu', 'tanh', 'sigmoid', 'elu']","[1e-05, 0.01]","[2, 3, 4, 5, 6, 7, 8, 9, 10, 11, 12, 13, 14, 15, 16, 17, 18, 19, 20, 21, 22, 23, 24, 25, 26, 27, 28, 29, 30]","[16, 32, 64, 128]","[5, 10, 15, 20]","[2, 3, 5, 7]","[2, 4, 8]",tpe,minimize,local
u6cokjb2,37,240,1778587179885,,/home/meliani/nni-experiments/u6cokjb2,11,exp_tpe_300s_tt_only_tt_only,hpo,/home/meliani/Desktop/phd/fast-track/search_space.json,python3 trial.py --data ./tt_only.csv,/home/meliani/Desktop/phd/fast-track,1,300s,100000000,False,False,info,/home/meliani/nni-experiments,"['LSTM', 'GRU', 'CNN', 'RNN', 'TCN', 'Transformer', 'MLP']","[16, 32, 64, 128, 256]","[1, 2, 3, 4]","[0, 0.1, 0.2, 0.3, 0.5]","['relu', 'tanh', 'sigmoid', 'elu']","[1e-05, 0.01]","[2, 3, 4, 5, 6, 7, 8, 9, 10, 11, 12, 13, 14, 15, 16, 17, 18, 19, 20, 21, 22, 23, 24, 25, 26, 27, 28, 29, 30]","[16, 32, 64, 128]","[5, 10, 15, 20]","[2, 3, 5, 7]","[2, 4, 8]",tpe,minimize,local
u6cokjb2,38,243,1778587179885,,/home/meliani/nni-experiments/u6cokjb2,12,exp_tpe_300s_tt_only_tt_only,hpo,/home/meliani/Desktop/phd/fast-track/search_space.json,python3 trial.py --data ./tt_only.csv,/home/meliani/Desktop/phd/fast-track,1,300s,100000000,False,False,info,/home/meliani/nni-experiments,"['LSTM', 'GRU', 'CNN', 'RNN', 'TCN', 'Transformer', 'MLP']","[16, 32, 64, 128, 256]","[1, 2, 3, 4]","[0, 0.1, 0.2, 0.3, 0.5]","['relu', 'tanh', 'sigmoid', 'elu']","[1e-05, 0.01]","[2, 3, 4, 5, 6, 7, 8, 9, 10, 11, 12, 13, 14, 15, 16, 17, 18, 19, 20, 21, 22, 23, 24, 25, 26, 27, 28, 29, 30]","[16, 32, 64, 128]","[5, 10, 15, 20]","[2, 3, 5, 7]","[2, 4, 8]",tpe,minimize,local
u6cokjb2,39,250,1778587179885,,/home/meliani/nni-experiments/u6cokjb2,12,exp_tpe_300s_tt_only_tt_only,hpo,/home/meliani/Desktop/phd/fast-track/search_space.json,python3 trial.py --data ./tt_only.csv,/home/meliani/Desktop/phd/fast-track,1,300s,100000000,False,False,info,/home/meliani/nni-experiments,"['LSTM', 'GRU', 'CNN', 'RNN', 'TCN', 'Transformer', 'MLP']","[16, 32, 64, 128, 256]","[1, 2, 3, 4]","[0, 0.1, 0.2, 0.3, 0.5]","['relu', 'tanh', 'sigmoid', 'elu']","[1e-05, 0.01]","[2, 3, 4, 5, 6, 7, 8, 9, 10, 11, 12, 13, 14, 15, 16, 17, 18, 19, 20, 21, 22, 23, 24, 25, 26, 27, 28, 29, 30]","[16, 32, 64, 128]","[5, 10, 15, 20]","[2, 3, 5, 7]","[2, 4, 8]",tpe,minimize,local
u6cokjb2,40,260,1778587179885,,/home/meliani/nni-experiments/u6cokjb2,12,exp_tpe_300s_tt_only_tt_only,hpo,/home/meliani/Desktop/phd/fast-track/search_space.json,python3 trial.py --data ./tt_only.csv,/home/meliani/Desktop/phd/fast-track,1,300s,100000000,False,False,info,/home/meliani/nni-experiments,"['LSTM', 'GRU', 'CNN', 'RNN', 'TCN', 'Transformer', 'MLP']","[16, 32, 64, 128, 256]","[1, 2, 3, 4]","[0, 0.1, 0.2, 0.3, 0.5]","['relu', 'tanh', 'sigmoid', 'elu']","[1e-05, 0.01]","[2, 3, 4, 5, 6, 7, 8, 9, 10, 11, 12, 13, 14, 15, 16, 17, 18, 19, 20, 21, 22, 23, 24, 25, 26, 27, 28, 29, 30]","[16, 32, 64, 128]","[5, 10, 15, 20]","[2, 3, 5, 7]","[2, 4, 8]",tpe,minimize,local
u6cokjb2,41,270,1778587179885,,/home/meliani/nni-experiments/u6cokjb2,12,exp_tpe_300s_tt_only_tt_only,hpo,/home/meliani/Desktop/phd/fast-track/search_space.json,python3 trial.py --data ./tt_only.csv,/home/meliani/Desktop/phd/fast-track,1,300s,100000000,False,False,info,/home/meliani/nni-experiments,"['LSTM', 'GRU', 'CNN', 'RNN', 'TCN', 'Transformer', 'MLP']","[16, 32, 64, 128, 256]","[1, 2, 3, 4]","[0, 0.1, 0.2, 0.3, 0.5]","['relu', 'tanh', 'sigmoid', 'elu']","[1e-05, 0.01]","[2, 3, 4, 5, 6, 7, 8, 9, 10, 11, 12, 13, 14, 15, 16, 17, 18, 19, 20, 21, 22, 23, 24, 25, 26, 27, 28, 29, 30]","[16, 32, 64, 128]","[5, 10, 15, 20]","[2, 3, 5, 7]","[2, 4, 8]",tpe,minimize,local
u6cokjb2,42,280,1778587179885,,/home/meliani/nni-experiments/u6cokjb2,12,exp_tpe_300s_tt_only_tt_only,hpo,/home/meliani/Desktop/phd/fast-track/search_space.json,python3 trial.py --data ./tt_only.csv,/home/meliani/Desktop/phd/fast-track,1,300s,100000000,False,False,info,/home/meliani/nni-experiments,"['LSTM', 'GRU', 'CNN', 'RNN', 'TCN', 'Transformer', 'MLP']","[16, 32, 64, 128, 256]","[1, 2, 3, 4]","[0, 0.1, 0.2, 0.3, 0.5]","['relu', 'tanh', 'sigmoid', 'elu']","[1e-05, 0.01]","[2, 3, 4, 5, 6, 7, 8, 9, 10, 11, 12, 13, 14, 15, 16, 17, 18, 19, 20, 21, 22, 23, 24, 25, 26, 27, 28, 29, 30]","[16, 32, 64, 128]","[5, 10, 15, 20]","[2, 3, 5, 7]","[2, 4, 8]",tpe,minimize,local
u6cokjb2,43,290,1778587179885,,/home/meliani/nni-experiments/u6cokjb2,12,exp_tpe_300s_tt_only_tt_only,hpo,/home/meliani/Desktop/phd/fast-track/search_space.json,python3 trial.py --data ./tt_only.csv,/home/meliani/Desktop/phd/fast-track,1,300s,100000000,False,False,info,/home/meliani/nni-experiments,"['LSTM', 'GRU', 'CNN', 'RNN', 'TCN', 'Transformer', 'MLP']","[16, 32, 64, 128, 256]","[1, 2, 3, 4]","[0, 0.1, 0.2, 0.3, 0.5]","['relu', 'tanh', 'sigmoid', 'elu']","[1e-05, 0.01]","[2, 3, 4, 5, 6, 7, 8, 9, 10, 11, 12, 13, 14, 15, 16, 17, 18, 19, 20, 21, 22, 23, 24, 25, 26, 27, 28, 29, 30]","[16, 32, 64, 128]","[5, 10, 15, 20]","[2, 3, 5, 7]","[2, 4, 8]",tpe,minimize,local
u6cokjb2,44,300,1778587179885,,/home/meliani/nni-experiments/u6cokjb2,12,exp_tpe_300s_tt_only_tt_only,hpo,/home/meliani/Desktop/phd/fast-track/search_space.json,python3 trial.py --data ./tt_only.csv,/home/meliani/Desktop/phd/fast-track,1,300s,100000000,False,False,info,/home/meliani/nni-experiments,"['LSTM', 'GRU', 'CNN', 'RNN', 'TCN', 'Transformer', 'MLP']","[16, 32, 64, 128, 256]","[1, 2, 3, 4]","[0, 0.1, 0.2, 0.3, 0.5]","['relu', 'tanh', 'sigmoid', 'elu']","[1e-05, 0.01]","[2, 3, 4, 5, 6, 7, 8, 9, 10, 11, 12, 13, 14, 15, 16, 17, 18, 19, 20, 21, 22, 23, 24, 25, 26, 27, 28, 29, 30]","[16, 32, 64, 128]","[5, 10, 15, 20]","[2, 3, 5, 7]","[2, 4, 8]",tpe,minimize,local
u6cokjb2,45,307,1778587179885,1778587491129,/home/meliani/nni-experiments/u6cokjb2,12,exp_tpe_300s_tt_only_tt_only,hpo,/home/meliani/Desktop/phd/fast-track/search_space.json,python3 trial.py --data ./tt_only.csv,/home/meliani/Desktop/phd/fast-track,1,300s,100000000,False,False,info,/home/meliani/nni-experiments,"['LSTM', 'GRU', 'CNN', 'RNN', 'TCN', 'Transformer', 'MLP']","[16, 32, 64, 128, 256]","[1, 2, 3, 4]","[0, 0.1, 0.2, 0.3, 0.5]","['relu', 'tanh', 'sigmoid', 'elu']","[1e-05, 0.01]","[2, 3, 4, 5, 6, 7, 8, 9, 10, 11, 12, 13, 14, 15, 16, 17, 18, 19, 20, 21, 22, 23, 24, 25, 26, 27, 28, 29, 30]","[16, 32, 64, 128]","[5, 10, 15, 20]","[2, 3, 5, 7]","[2, 4, 8]",tpe,minimize,local
